Patient ID,new_split
1,train
2,train
3,train
4,train
5,train
6,train
7,test
8,test
9,train
10,train
11,train
12,train
13,train
14,train
15,train
16,train
17,train
18,test
19,train
20,train
21,train
22,train
23,train
24,train
25,train
26,train
27,train
28,train
29,train
30,train
31,train
32,train
33,valid
34,test
35,test
36,test
37,valid
38,train
39,train
40,train
41,valid
42,valid
43,train
44,test
45,train
46,train
47,test
48,train
49,train
50,train
51,train
52,train
53,test
54,valid
55,train
56,train
57,train
58,train
59,train
60,train
61,train
62,valid
63,train
64,valid
65,train
66,train
67,valid
68,train
69,train
70,train
71,train
72,train
73,train
74,train
75,train
76,test
77,train
78,train
79,train
80,valid
81,train
82,train
83,train
84,test
85,train
86,train
87,valid
88,train
89,train
90,train
91,train
92,test
93,test
94,train
95,train
96,train
97,test
98,train
99,train
100,test
101,train
102,train
103,train
104,test
105,train
106,train
107,train
108,valid
109,train
110,train
111,train
112,train
113,train
114,train
115,train
116,valid
117,train
118,train
119,train
120,test
121,valid
122,test
123,train
124,train
125,train
126,train
127,train
128,test
129,train
130,train
131,train
132,train
133,train
134,test
135,train
136,train
137,train
138,train
139,train
140,valid
141,train
142,valid
143,train
144,train
145,test
146,train
147,train
148,test
149,train
150,valid
151,test
152,train
153,train
154,train
155,train
156,train
157,train
158,valid
159,train
160,train
161,train
162,train
163,train
164,train
165,train
166,train
167,train
168,test
169,test
170,train
171,train
172,train
173,valid
174,test
175,train
176,train
177,valid
178,train
179,train
180,train
181,train
182,train
183,train
184,train
185,train
186,train
187,train
188,train
189,test
190,train
191,train
192,train
193,train
194,train
195,test
196,valid
197,test
198,valid
199,train
200,test
201,train
202,train
203,train
204,train
205,train
206,valid
207,train
208,train
209,train
210,train
211,test
212,valid
213,train
214,train
215,test
216,train
217,test
218,test
219,train
220,train
221,train
222,test
223,train
224,train
225,train
226,train
227,train
228,train
229,train
230,valid
231,test
232,test
233,train
234,train
235,train
236,train
237,valid
238,valid
239,train
240,train
241,train
242,train
243,train
244,test
245,train
246,train
247,valid
248,test
249,train
250,valid
251,test
252,train
253,train
254,train
255,train
256,train
257,train
258,valid
259,train
260,test
261,train
262,test
263,train
264,test
265,valid
266,test
267,test
268,train
269,train
270,train
271,train
272,train
273,train
274,test
275,test
276,train
277,train
278,valid
279,test
280,test
281,test
282,train
283,train
284,test
285,train
286,train
287,train
288,train
289,test
290,train
291,test
292,test
293,train
294,train
295,train
296,train
297,train
298,train
299,train
300,train
301,train
302,valid
303,train
304,train
305,valid
306,train
307,train
308,train
309,train
310,train
311,train
312,train
313,test
314,train
315,valid
316,test
317,train
318,train
319,train
320,train
321,train
322,test
323,valid
324,test
325,train
326,train
327,test
328,train
329,train
330,train
331,test
332,train
333,train
334,train
335,test
336,train
337,train
338,train
339,train
340,valid
341,train
342,test
343,valid
344,train
345,test
346,test
347,test
348,train
349,valid
350,train
351,train
352,test
353,train
354,train
355,train
356,train
357,train
358,valid
359,train
360,train
361,train
362,train
363,train
364,train
365,train
366,train
367,train
368,test
369,train
370,train
371,train
372,train
373,train
374,train
375,train
376,train
377,train
378,train
379,valid
380,valid
381,test
382,valid
383,test
384,train
385,valid
386,test
387,train
388,train
389,train
390,train
391,train
392,train
393,valid
394,valid
395,train
396,train
397,test
398,test
399,valid
400,train
401,train
402,test
403,train
404,train
405,train
406,train
407,train
408,train
409,test
410,test
411,train
412,train
413,train
414,train
415,train
416,train
417,valid
418,train
419,train
420,train
421,valid
422,train
423,train
424,test
425,train
426,train
427,train
428,valid
429,test
430,train
431,test
432,train
433,train
434,train
435,train
436,train
437,train
438,train
439,test
440,train
441,train
442,train
443,train
444,train
445,train
446,train
447,valid
448,test
449,train
450,valid
451,test
452,train
453,train
454,train
455,valid
456,train
457,test
458,test
459,train
460,test
461,train
462,train
463,test
464,train
465,test
466,train
467,valid
468,train
469,train
470,valid
471,train
472,valid
473,train
474,train
475,test
476,train
477,test
478,train
479,test
480,train
481,test
482,train
483,test
484,train
485,train
486,test
487,train
488,test
489,train
490,train
491,train
492,test
493,train
494,train
495,train
496,train
497,train
498,train
499,train
500,test
501,train
502,test
503,train
504,test
505,train
506,test
507,test
508,valid
509,valid
510,train
511,train
512,train
513,test
514,train
515,train
516,train
517,test
518,train
519,train
520,train
521,test
522,train
523,train
524,train
525,train
526,valid
527,train
528,train
529,train
530,train
531,valid
532,train
533,test
534,train
535,train
536,train
537,test
538,train
539,test
540,train
541,train
542,train
543,train
544,valid
545,train
546,train
547,train
548,train
549,train
550,train
551,test
552,train
553,train
554,valid
555,train
556,train
557,train
558,valid
559,train
560,train
561,train
562,train
563,train
564,valid
565,train
566,valid
567,train
568,train
569,train
570,train
571,train
572,train
573,valid
574,test
575,train
576,train
577,valid
578,train
579,train
580,test
581,train
582,train
583,valid
584,train
585,train
586,train
587,train
588,train
589,train
590,train
591,train
592,train
593,train
594,train
595,train
596,train
597,train
598,train
599,train
600,valid
601,train
602,test
603,train
604,train
605,train
606,train
607,train
608,test
609,train
610,train
611,train
612,valid
613,train
614,valid
615,train
616,train
617,test
618,train
619,train
620,train
621,train
622,test
623,train
624,train
625,test
626,valid
627,test
628,train
629,train
630,train
631,valid
632,train
633,train
634,train
635,valid
636,train
637,train
638,train
639,train
640,train
641,test
642,train
643,train
644,train
645,test
646,train
647,train
648,test
649,valid
650,test
651,train
652,test
653,train
654,train
655,train
656,valid
657,test
658,test
659,train
660,valid
661,train
662,train
663,train
664,train
665,test
666,train
667,train
668,train
669,train
670,valid
671,train
672,train
673,train
674,train
675,test
676,train
677,train
678,train
679,train
680,train
681,train
682,test
683,train
684,train
685,train
686,train
687,train
688,valid
689,train
690,train
691,train
692,train
693,train
694,train
695,train
696,train
697,train
698,train
699,train
700,train
701,train
702,train
703,test
704,train
705,train
706,test
707,train
708,train
709,train
710,train
711,train
712,valid
713,train
714,train
715,train
716,test
717,train
718,train
719,test
720,train
721,test
722,train
723,train
724,train
725,train
726,train
727,train
728,train
729,train
730,train
731,train
732,train
733,train
734,test
735,test
736,train
737,test
738,train
739,test
740,valid
741,train
742,test
743,test
744,train
745,train
746,train
747,train
748,test
749,test
750,train
751,train
752,train
753,test
754,train
755,valid
756,train
757,test
758,train
759,train
760,train
761,train
762,train
763,test
764,train
765,train
766,train
767,valid
768,train
769,train
770,train
771,train
772,train
773,test
774,train
775,train
776,test
777,train
778,valid
779,train
780,train
781,valid
782,train
783,valid
784,train
785,train
786,train
787,train
788,train
789,train
790,train
791,test
792,train
793,valid
794,train
795,train
796,train
797,train
798,train
799,valid
800,train
801,train
802,train
803,test
804,train
805,train
806,train
807,train
808,train
809,valid
810,train
811,train
812,test
813,train
814,valid
815,train
816,train
817,train
818,train
819,train
820,valid
821,test
822,test
823,train
824,train
825,train
826,train
827,train
828,train
829,test
830,valid
831,train
832,valid
833,train
834,train
835,train
836,train
837,test
838,valid
839,train
840,train
841,train
842,train
843,train
844,test
845,train
846,train
847,valid
848,train
849,train
850,train
851,train
852,valid
853,test
854,train
855,train
856,train
857,train
858,train
859,train
860,valid
861,train
862,train
863,train
864,train
865,train
866,train
867,test
868,train
869,train
870,train
871,valid
872,train
873,test
874,test
875,train
876,test
877,train
878,train
879,test
880,train
881,test
882,train
883,valid
884,train
885,train
886,train
887,train
888,train
889,train
890,train
891,test
892,valid
893,train
894,valid
895,train
896,test
897,test
898,train
899,train
900,train
901,test
902,train
903,train
904,valid
905,train
906,test
907,train
908,train
909,train
910,train
911,valid
912,test
913,test
914,train
915,train
916,train
917,valid
918,train
919,train
920,train
921,train
922,train
923,train
924,train
925,train
926,train
927,train
928,test
929,test
930,train
931,train
932,train
933,train
934,train
935,train
936,train
937,test
938,train
939,train
940,train
941,train
942,train
943,train
944,test
945,train
946,train
947,train
948,train
949,train
950,train
951,train
952,train
953,train
954,test
955,train
956,train
957,train
958,train
959,train
960,test
961,train
962,train
963,train
964,test
965,test
966,test
967,train
968,train
969,train
970,train
971,test
972,test
973,train
974,train
975,train
976,train
977,train
978,train
979,train
980,test
981,test
982,train
983,train
984,train
985,train
986,test
987,train
988,train
989,train
990,train
991,train
992,train
993,train
994,test
995,train
996,train
997,test
998,train
999,train
1000,valid
1001,train
1002,train
1003,train
1004,train
1005,train
1006,train
1007,train
1008,train
1009,valid
1010,test
1011,train
1012,train
1013,test
1014,train
1015,train
1016,valid
1017,train
1018,train
1019,train
1020,train
1021,train
1022,train
1023,train
1024,test
1025,train
1026,train
1027,test
1028,train
1029,train
1030,train
1031,train
1032,train
1033,train
1034,test
1035,train
1036,test
1037,train
1038,train
1039,train
1040,train
1041,train
1042,train
1043,valid
1044,test
1045,train
1046,test
1047,train
1048,test
1049,train
1050,train
1051,test
1052,train
1053,test
1054,test
1055,train
1056,train
1057,test
1058,train
1059,train
1060,valid
1061,train
1062,train
1063,train
1064,test
1065,train
1066,train
1067,train
1068,train
1069,train
1070,train
1071,train
1072,train
1073,train
1074,train
1075,train
1076,test
1077,train
1078,train
1079,test
1080,train
1081,train
1082,train
1083,train
1084,train
1085,train
1086,train
1087,test
1088,test
1089,train
1090,train
1091,test
1092,train
1093,test
1094,train
1095,train
1096,train
1097,train
1098,train
1099,valid
1100,train
1101,train
1102,train
1103,train
1104,test
1105,train
1106,train
1107,test
1108,valid
1109,test
1110,test
1111,train
1112,train
1113,train
1114,test
1115,test
1116,train
1117,train
1118,valid
1119,test
1120,train
1121,train
1122,test
1123,test
1124,train
1125,train
1126,train
1127,train
1128,train
1129,train
1130,train
1131,train
1132,train
1133,train
1134,test
1135,train
1136,train
1137,train
1138,train
1139,test
1140,valid
1141,train
1142,train
1143,train
1144,train
1145,train
1146,train
1147,train
1148,test
1149,valid
1150,train
1151,train
1152,train
1153,train
1154,train
1155,train
1156,valid
1157,train
1158,train
1159,train
1160,train
1161,train
1162,train
1163,train
1164,test
1165,train
1166,train
1167,train
1168,train
1169,train
1170,train
1171,train
1172,train
1173,valid
1174,valid
1175,train
1176,test
1177,train
1178,valid
1179,valid
1180,test
1181,train
1182,train
1183,test
1184,test
1185,train
1186,train
1187,train
1188,valid
1189,valid
1190,train
1191,test
1192,train
1193,train
1194,train
1195,train
1196,train
1197,train
1198,test
1199,train
1200,valid
1201,train
1202,test
1203,test
1204,train
1205,train
1206,valid
1207,train
1208,train
1209,train
1210,train
1211,train
1212,train
1213,train
1214,train
1215,train
1216,test
1217,train
1218,train
1219,valid
1220,train
1221,train
1222,train
1223,train
1224,train
1225,train
1226,train
1227,train
1228,test
1229,train
1230,train
1231,train
1232,train
1233,valid
1234,train
1235,train
1236,train
1237,train
1238,train
1239,train
1240,train
1241,train
1242,train
1243,train
1244,test
1245,train
1246,train
1247,test
1248,test
1249,train
1250,train
1251,train
1252,train
1253,train
1254,valid
1255,train
1256,test
1257,train
1258,train
1259,train
1260,train
1261,train
1262,test
1263,valid
1264,valid
1265,train
1266,train
1267,test
1268,train
1269,train
1270,train
1271,train
1272,train
1273,train
1274,train
1275,valid
1276,train
1277,test
1278,train
1279,test
1280,train
1281,train
1282,train
1283,test
1284,train
1285,valid
1286,train
1287,train
1288,train
1289,test
1290,valid
1291,test
1292,train
1293,train
1294,train
1295,train
1296,train
1297,train
1298,valid
1299,test
1300,train
1301,valid
1302,train
1303,test
1304,test
1305,train
1306,train
1307,train
1308,train
1309,train
1310,train
1311,train
1312,test
1313,train
1314,valid
1315,train
1316,train
1317,train
1318,train
1319,train
1320,train
1321,train
1322,train
1323,test
1324,test
1325,valid
1326,train
1327,train
1328,valid
1329,train
1330,train
1331,test
1332,test
1333,train
1334,train
1335,test
1336,valid
1337,test
1338,test
1339,train
1340,test
1341,train
1342,train
1343,train
1344,train
1345,train
1346,train
1347,test
1348,test
1349,train
1350,test
1351,train
1352,train
1353,valid
1354,train
1355,train
1356,valid
1357,train
1358,valid
1359,train
1360,train
1361,train
1362,train
1363,valid
1364,valid
1365,train
1366,train
1367,test
1368,train
1369,train
1370,train
1371,train
1372,test
1373,valid
1374,valid
1375,train
1376,train
1377,train
1378,test
1379,train
1380,train
1381,train
1382,train
1383,train
1384,valid
1385,train
1386,test
1387,train
1388,test
1389,test
1390,train
1391,train
1392,train
1393,train
1394,train
1395,train
1396,test
1397,test
1398,test
1399,train
1400,train
1401,train
1402,train
1403,train
1404,train
1405,train
1406,valid
1407,test
1408,train
1409,train
1410,train
1411,train
1412,test
1413,test
1414,train
1415,test
1416,train
1417,train
1418,train
1419,train
1420,train
1421,train
1422,train
1423,test
1424,train
1425,train
1426,train
1427,test
1428,test
1429,train
1430,train
1431,train
1432,train
1433,train
1434,test
1435,test
1436,train
1437,train
1438,train
1439,train
1440,train
1441,train
1442,test
1443,train
1444,train
1445,test
1446,train
1447,train
1448,train
1449,test
1450,train
1451,test
1452,train
1453,train
1454,test
1455,valid
1456,train
1457,test
1458,test
1459,train
1460,train
1461,train
1462,train
1463,train
1464,train
1465,valid
1466,train
1467,valid
1468,train
1469,train
1470,train
1471,test
1472,test
1473,train
1474,train
1475,train
1476,test
1477,train
1478,train
1479,valid
1480,valid
1481,train
1482,train
1483,test
1484,test
1485,train
1486,train
1487,train
1488,test
1489,train
1490,test
1491,train
1492,train
1493,train
1494,test
1495,train
1496,train
1497,train
1498,valid
1499,train
1500,train
1501,train
1502,train
1503,train
1504,test
1505,train
1506,train
1507,train
1508,train
1509,train
1510,train
1511,test
1512,valid
1513,test
1514,train
1515,train
1516,train
1517,train
1518,train
1519,train
1520,train
1521,train
1522,train
1523,train
1524,train
1525,train
1526,train
1527,train
1528,train
1529,train
1530,train
1531,test
1532,train
1533,valid
1534,train
1535,train
1536,train
1537,test
1538,train
1539,train
1540,train
1541,train
1542,train
1543,train
1544,train
1545,train
1546,train
1547,train
1548,train
1549,train
1550,train
1551,train
1552,train
1553,train
1554,test
1555,train
1556,test
1557,train
1558,train
1559,train
1560,train
1561,train
1562,train
1563,train
1564,train
1565,train
1566,valid
1567,train
1568,train
1569,train
1570,test
1571,valid
1572,train
1573,valid
1574,train
1575,train
1576,train
1577,train
1578,train
1579,valid
1580,train
1581,test
1582,train
1583,train
1584,train
1585,train
1586,train
1587,train
1588,train
1589,test
1590,valid
1591,train
1592,train
1593,train
1594,train
1595,train
1596,test
1597,train
1598,train
1599,test
1600,test
1601,train
1602,train
1603,train
1604,test
1605,train
1606,train
1607,train
1608,valid
1609,train
1610,train
1611,test
1612,train
1613,test
1614,train
1615,train
1616,train
1617,test
1618,valid
1619,train
1620,train
1621,train
1622,train
1623,train
1624,train
1625,train
1626,train
1627,train
1628,train
1629,train
1630,train
1631,train
1632,train
1633,train
1634,train
1635,train
1636,test
1637,valid
1638,train
1639,train
1640,valid
1641,train
1642,train
1643,test
1644,train
1645,test
1646,train
1647,train
1648,train
1649,valid
1650,valid
1651,train
1652,valid
1653,valid
1654,train
1655,train
1656,train
1657,train
1658,train
1659,valid
1660,train
1661,test
1662,test
1663,test
1664,train
1665,test
1666,train
1667,test
1668,train
1669,test
1670,train
1671,train
1672,train
1673,train
1674,train
1675,valid
1676,test
1677,test
1678,train
1679,train
1680,train
1681,train
1682,train
1683,train
1684,train
1685,test
1686,train
1687,train
1688,train
1689,train
1690,train
1691,test
1692,train
1693,train
1694,train
1695,train
1696,valid
1697,train
1698,train
1699,test
1700,train
1701,train
1702,train
1703,train
1704,test
1705,train
1706,train
1707,train
1708,valid
1709,train
1710,train
1711,test
1712,train
1713,train
1714,valid
1715,train
1716,test
1717,train
1718,train
1719,train
1720,train
1721,train
1722,train
1723,train
1724,test
1725,train
1726,train
1727,train
1728,train
1729,valid
1730,test
1731,test
1732,test
1733,valid
1734,train
1735,train
1736,train
1737,train
1738,train
1739,test
1740,valid
1741,train
1742,test
1743,train
1744,test
1745,train
1746,valid
1747,train
1748,test
1749,train
1750,train
1751,train
1752,valid
1753,train
1754,valid
1755,train
1756,train
1757,train
1758,valid
1759,test
1760,train
1761,train
1762,train
1763,train
1764,train
1765,train
1766,test
1767,train
1768,valid
1769,train
1770,train
1771,train
1772,test
1773,train
1774,train
1775,train
1776,train
1777,train
1778,train
1779,train
1780,train
1781,valid
1782,train
1783,train
1784,valid
1785,valid
1786,train
1787,test
1788,train
1789,train
1790,train
1791,train
1792,test
1793,train
1794,train
1795,train
1796,train
1797,test
1798,train
1799,train
1800,train
1801,train
1802,test
1803,train
1804,train
1805,test
1806,test
1807,train
1808,test
1809,test
1810,valid
1811,valid
1812,train
1813,train
1814,train
1815,train
1816,test
1817,train
1818,train
1819,test
1820,train
1821,valid
1822,train
1823,test
1824,train
1825,train
1826,train
1827,train
1828,test
1829,train
1830,test
1831,test
1832,train
1833,train
1834,train
1835,test
1836,valid
1837,train
1838,test
1839,train
1840,train
1841,train
1842,train
1843,train
1844,train
1845,train
1846,train
1847,valid
1848,train
1849,train
1850,train
1851,train
1852,train
1853,train
1854,valid
1855,train
1856,valid
1857,train
1858,train
1859,train
1860,train
1861,train
1862,train
1863,train
1864,train
1865,train
1866,train
1867,train
1868,train
1869,train
1870,train
1871,valid
1872,train
1873,train
1874,valid
1875,train
1876,train
1877,train
1878,valid
1879,train
1880,train
1881,train
1882,train
1883,train
1884,train
1885,train
1886,train
1887,train
1888,train
1889,train
1890,test
1891,train
1892,train
1893,train
1894,train
1895,train
1896,train
1897,train
1898,train
1899,valid
1900,train
1901,train
1902,test
1903,train
1904,train
1905,train
1906,train
1907,train
1908,train
1909,train
1910,train
1911,train
1912,test
1913,test
1914,train
1915,train
1916,test
1917,train
1918,valid
1919,train
1920,train
1921,train
1922,test
1923,train
1924,test
1925,valid
1926,train
1927,train
1928,train
1929,train
1930,train
1931,valid
1932,train
1933,train
1934,train
1935,train
1936,train
1937,train
1938,test
1939,train
1940,train
1941,test
1942,train
1943,train
1944,train
1945,train
1946,test
1947,train
1948,test
1949,train
1950,valid
1951,train
1952,train
1953,train
1954,valid
1955,train
1956,train
1957,train
1958,valid
1959,train
1960,test
1961,train
1962,valid
1963,test
1964,train
1965,train
1966,train
1967,test
1968,train
1969,test
1970,train
1971,train
1972,train
1973,test
1974,train
1975,train
1976,train
1977,train
1978,train
1979,test
1980,train
1981,train
1982,test
1983,train
1984,train
1985,train
1986,train
1987,train
1988,train
1989,train
1990,train
1991,train
1992,train
1993,test
1994,train
1995,test
1996,valid
1997,train
1998,train
1999,valid
2000,train
2001,train
2002,train
2003,train
2004,valid
2005,test
2006,train
2007,valid
2008,train
2009,test
2010,test
2011,valid
2012,train
2013,test
2014,train
2015,train
2016,train
2017,train
2018,train
2019,train
2020,train
2021,test
2022,train
2023,train
2024,train
2025,train
2026,train
2027,train
2028,train
2029,train
2030,test
2031,test
2032,valid
2033,train
2034,train
2035,test
2036,train
2037,train
2038,train
2039,train
2040,train
2041,train
2042,test
2043,train
2044,test
2045,train
2046,train
2047,train
2048,train
2049,valid
2050,train
2051,train
2052,train
2053,train
2054,valid
2055,train
2056,test
2057,train
2058,train
2059,valid
2060,train
2061,train
2062,test
2063,valid
2064,train
2065,train
2066,train
2067,train
2068,train
2069,train
2070,train
2071,train
2072,train
2073,train
2074,train
2075,train
2076,train
2077,train
2078,train
2079,train
2080,train
2081,train
2082,train
2083,train
2084,train
2085,test
2086,test
2087,train
2088,valid
2089,train
2090,train
2091,valid
2092,train
2093,train
2094,train
2095,train
2096,train
2097,train
2098,train
2099,train
2100,train
2101,train
2102,train
2103,train
2104,train
2105,train
2106,train
2107,valid
2108,train
2109,train
2110,train
2111,train
2112,test
2113,train
2114,train
2115,train
2116,train
2117,train
2118,test
2119,train
2120,test
2121,train
2122,train
2123,train
2124,valid
2125,train
2126,train
2127,train
2128,valid
2129,train
2130,test
2131,train
2132,train
2133,train
2134,test
2135,train
2136,test
2137,test
2138,train
2139,train
2140,train
2141,test
2142,test
2143,test
2144,train
2145,train
2146,test
2147,train
2148,train
2149,train
2150,train
2151,train
2152,train
2153,test
2154,test
2155,train
2156,valid
2157,train
2158,test
2159,train
2160,train
2161,train
2162,train
2163,train
2164,train
2165,train
2166,train
2167,train
2168,train
2169,test
2170,train
2171,train
2172,test
2173,train
2174,test
2175,train
2176,train
2177,train
2178,train
2179,train
2180,train
2181,train
2182,train
2183,valid
2184,train
2185,train
2186,train
2187,train
2188,train
2189,train
2190,train
2191,train
2192,train
2193,train
2194,train
2195,test
2196,test
2197,train
2198,train
2199,train
2200,train
2201,train
2202,test
2203,train
2204,train
2205,train
2206,valid
2207,train
2208,train
2209,test
2210,test
2211,train
2212,valid
2213,train
2214,test
2215,test
2216,train
2217,valid
2218,train
2219,train
2220,valid
2221,train
2222,test
2223,test
2224,train
2225,train
2226,test
2227,valid
2228,test
2229,train
2230,test
2231,train
2232,train
2233,test
2234,train
2235,train
2236,train
2237,test
2238,train
2239,train
2240,train
2241,test
2242,train
2243,train
2244,train
2245,train
2246,train
2247,train
2248,train
2249,train
2250,train
2251,test
2252,train
2253,test
2254,train
2255,train
2256,train
2257,train
2258,train
2259,train
2260,test
2261,train
2262,train
2263,train
2264,train
2265,train
2266,train
2267,test
2268,train
2269,train
2270,test
2271,train
2272,train
2273,train
2274,train
2275,train
2276,test
2277,test
2278,test
2279,train
2280,valid
2281,test
2282,test
2283,train
2284,train
2285,train
2286,train
2287,test
2288,train
2289,train
2290,train
2291,train
2292,train
2293,train
2294,valid
2295,train
2296,train
2297,train
2298,train
2299,train
2300,train
2301,test
2302,valid
2303,train
2304,train
2305,train
2306,train
2307,train
2308,train
2309,test
2310,train
2311,test
2312,valid
2313,valid
2314,train
2315,valid
2316,train
2317,test
2318,train
2319,train
2320,test
2321,test
2322,train
2323,train
2324,train
2325,train
2326,test
2327,train
2328,train
2329,valid
2330,train
2331,train
2332,test
2333,test
2334,train
2335,test
2336,train
2337,train
2338,train
2339,train
2340,train
2341,train
2342,valid
2343,test
2344,train
2345,train
2346,train
2347,test
2348,train
2349,train
2350,train
2351,test
2352,train
2353,train
2354,train
2355,valid
2356,train
2357,train
2358,train
2359,train
2360,test
2361,train
2362,train
2363,test
2364,train
2365,train
2366,train
2367,train
2368,train
2369,train
2370,train
2371,train
2372,train
2373,train
2374,train
2375,train
2376,test
2377,valid
2378,train
2379,train
2380,train
2381,train
2382,train
2383,train
2384,test
2385,train
2386,train
2387,test
2388,train
2389,test
2390,train
2391,train
2392,train
2393,train
2394,test
2395,train
2396,train
2397,train
2398,train
2399,train
2400,train
2401,train
2402,train
2403,valid
2404,train
2405,test
2406,test
2407,test
2408,train
2409,test
2410,train
2411,train
2412,train
2413,valid
2414,train
2415,test
2416,train
2417,train
2418,valid
2419,train
2420,train
2421,test
2422,train
2423,train
2424,train
2425,train
2426,train
2427,train
2428,train
2429,train
2430,train
2431,train
2432,train
2433,train
2434,train
2435,test
2436,test
2437,train
2438,train
2439,train
2440,train
2441,train
2442,train
2443,train
2444,train
2445,test
2446,test
2447,train
2448,train
2449,train
2450,test
2451,train
2452,train
2453,train
2454,train
2455,train
2456,valid
2457,train
2458,test
2459,train
2460,train
2461,valid
2462,valid
2463,train
2464,test
2465,test
2466,train
2467,train
2468,test
2469,train
2470,train
2471,train
2472,train
2473,train
2474,train
2475,train
2476,valid
2477,test
2478,train
2479,train
2480,train
2481,train
2482,train
2483,train
2484,train
2485,train
2486,test
2487,train
2488,train
2489,train
2490,train
2491,train
2492,valid
2493,train
2494,train
2495,train
2496,train
2497,test
2498,test
2499,train
2500,train
2501,valid
2502,test
2503,train
2504,valid
2505,train
2506,train
2507,train
2508,test
2509,test
2510,train
2511,train
2512,train
2513,train
2514,valid
2515,train
2516,train
2517,test
2518,train
2519,test
2520,valid
2521,train
2522,train
2523,train
2524,train
2525,train
2526,valid
2527,train
2528,train
2529,test
2530,train
2531,train
2532,train
2533,test
2534,test
2535,train
2536,train
2537,train
2538,train
2539,train
2540,train
2541,test
2542,test
2543,train
2544,train
2545,valid
2546,train
2547,test
2548,train
2549,train
2550,test
2551,train
2552,train
2553,train
2554,train
2555,train
2556,valid
2557,valid
2558,train
2559,train
2560,train
2561,train
2562,test
2563,train
2564,train
2565,test
2566,train
2567,test
2568,train
2569,train
2570,valid
2571,train
2572,test
2573,train
2574,train
2575,train
2576,train
2577,train
2578,train
2579,train
2580,test
2581,train
2582,train
2583,train
2584,test
2585,train
2586,test
2587,train
2588,train
2589,test
2590,train
2591,valid
2592,train
2593,test
2594,train
2595,train
2596,test
2597,train
2598,train
2599,train
2600,train
2601,valid
2602,train
2603,test
2604,train
2605,train
2606,train
2607,train
2608,train
2609,train
2610,valid
2611,train
2612,train
2613,train
2614,train
2615,train
2616,train
2617,test
2618,test
2619,train
2620,test
2621,train
2622,valid
2623,test
2624,train
2625,train
2626,train
2627,valid
2628,valid
2629,train
2630,train
2631,train
2632,valid
2633,train
2634,train
2635,train
2636,test
2637,train
2638,train
2639,test
2640,test
2641,train
2642,test
2643,valid
2644,train
2645,train
2646,train
2647,train
2648,test
2649,train
2650,test
2651,train
2652,train
2653,train
2654,train
2655,train
2656,train
2657,train
2658,train
2659,valid
2660,train
2661,valid
2662,train
2663,test
2664,train
2665,test
2666,valid
2667,train
2668,valid
2669,valid
2670,train
2671,train
2672,train
2673,train
2674,train
2675,train
2676,train
2677,test
2678,train
2679,test
2680,train
2681,train
2682,train
2683,train
2684,test
2685,train
2686,train
2687,train
2688,test
2689,train
2690,train
2691,train
2692,train
2693,train
2694,valid
2695,test
2696,train
2697,train
2698,train
2699,train
2700,train
2701,valid
2702,test
2703,train
2704,train
2705,train
2706,train
2707,train
2708,train
2709,valid
2710,valid
2711,train
2712,train
2713,train
2714,train
2715,test
2716,test
2717,valid
2718,train
2719,test
2720,train
2721,train
2722,train
2723,train
2724,train
2725,test
2726,train
2727,test
2728,valid
2729,train
2730,train
2731,test
2732,train
2733,train
2734,train
2735,test
2736,train
2737,valid
2738,train
2739,train
2740,valid
2741,test
2742,train
2743,train
2744,train
2745,test
2746,train
2747,train
2748,train
2749,train
2750,train
2751,train
2752,train
2753,test
2754,train
2755,test
2756,train
2757,train
2758,train
2759,train
2760,train
2761,test
2762,train
2763,test
2764,train
2765,test
2766,train
2767,valid
2768,test
2769,train
2770,test
2771,valid
2772,train
2773,test
2774,train
2775,train
2776,train
2777,train
2778,train
2779,train
2780,train
2781,train
2782,valid
2783,valid
2784,valid
2785,test
2786,train
2787,train
2788,train
2789,valid
2790,test
2791,train
2792,train
2793,train
2794,train
2795,train
2796,train
2797,train
2798,test
2799,test
2800,train
2801,train
2802,train
2803,valid
2804,train
2805,train
2806,test
2807,train
2808,train
2809,train
2810,train
2811,train
2812,train
2813,valid
2814,test
2815,train
2816,train
2817,train
2818,train
2819,train
2820,test
2821,train
2822,train
2823,train
2824,valid
2825,valid
2826,train
2827,train
2828,train
2829,train
2830,train
2831,test
2832,train
2833,train
2834,valid
2835,train
2836,train
2837,train
2838,train
2839,train
2840,train
2841,train
2842,train
2843,test
2844,train
2845,train
2846,train
2847,train
2848,train
2849,test
2850,train
2851,valid
2852,test
2853,train
2854,valid
2855,train
2856,train
2857,test
2858,train
2859,test
2860,train
2861,train
2862,train
2863,test
2864,valid
2865,test
2866,train
2867,valid
2868,test
2869,test
2870,train
2871,train
2872,train
2873,train
2874,train
2875,test
2876,train
2877,test
2878,train
2879,valid
2880,test
2881,train
2882,train
2883,train
2884,valid
2885,test
2886,test
2887,train
2888,train
2889,train
2890,valid
2891,train
2892,train
2893,train
2894,test
2895,train
2896,train
2897,train
2898,train
2899,test
2900,train
2901,test
2902,test
2903,valid
2904,test
2905,test
2906,train
2907,valid
2908,test
2909,valid
2910,train
2911,train
2912,train
2913,train
2914,train
2915,train
2916,train
2917,train
2918,train
2919,test
2920,train
2921,train
2922,valid
2923,train
2924,train
2925,train
2926,train
2927,train
2928,train
2929,train
2930,test
2931,train
2932,train
2933,test
2934,train
2935,train
2936,valid
2937,train
2938,test
2939,valid
2940,train
2941,train
2942,train
2943,train
2944,test
2945,valid
2946,train
2947,train
2948,test
2949,train
2950,test
2951,test
2952,train
2953,train
2954,train
2955,train
2956,test
2957,train
2958,train
2959,test
2960,train
2961,test
2962,valid
2963,train
2964,train
2965,train
2966,valid
2967,train
2968,train
2969,train
2970,valid
2971,train
2972,train
2973,train
2974,test
2975,test
2976,train
2977,train
2978,train
2979,train
2980,valid
2981,test
2982,train
2983,test
2984,train
2985,train
2986,train
2987,valid
2988,train
2989,train
2990,train
2991,train
2992,train
2993,test
2994,train
2995,train
2996,train
2997,valid
2998,valid
2999,train
3000,train
3001,test
3002,test
3003,test
3004,train
3005,train
3006,train
3007,train
3008,valid
3009,train
3010,train
3011,train
3012,train
3013,train
3014,train
3015,test
3016,valid
3017,train
3018,train
3019,train
3020,train
3021,train
3022,train
3023,train
3024,test
3025,train
3026,train
3027,train
3028,test
3029,train
3030,train
3031,train
3032,test
3033,train
3034,train
3035,train
3036,test
3037,train
3038,train
3039,train
3040,train
3041,train
3042,train
3043,train
3044,train
3045,train
3046,test
3047,train
3048,test
3049,valid
3050,test
3051,test
3052,train
3053,train
3054,test
3055,train
3056,train
3057,train
3058,train
3059,test
3060,train
3061,train
3062,train
3063,train
3064,train
3065,test
3066,train
3067,train
3068,train
3069,test
3070,train
3071,train
3072,train
3073,train
3074,train
3075,train
3076,train
3077,train
3078,test
3079,train
3080,train
3081,valid
3082,train
3083,test
3084,train
3085,train
3086,valid
3087,train
3088,train
3089,valid
3090,train
3091,train
3092,train
3093,train
3094,train
3095,train
3096,train
3097,test
3098,valid
3099,train
3100,valid
3101,test
3102,valid
3103,test
3104,train
3105,train
3106,test
3107,test
3108,train
3109,test
3110,train
3111,train
3112,train
3113,train
3114,train
3115,valid
3116,test
3117,train
3118,train
3119,train
3120,train
3121,valid
3122,valid
3123,test
3124,train
3125,train
3126,train
3127,train
3128,train
3129,test
3130,train
3131,train
3132,train
3133,test
3134,train
3135,train
3136,train
3137,train
3138,train
3139,train
3140,train
3141,train
3142,train
3143,test
3144,train
3145,train
3146,valid
3147,train
3148,train
3149,train
3150,train
3151,valid
3152,train
3153,valid
3154,train
3155,test
3156,train
3157,valid
3158,train
3159,train
3160,train
3161,test
3162,train
3163,test
3164,train
3165,train
3166,train
3167,train
3168,train
3169,train
3170,test
3171,train
3172,train
3173,test
3174,train
3175,train
3176,valid
3177,train
3178,train
3179,train
3180,valid
3181,train
3182,test
3183,train
3184,train
3185,test
3186,train
3187,train
3188,train
3189,train
3190,test
3191,train
3192,train
3193,train
3194,test
3195,train
3196,valid
3197,train
3198,test
3199,train
3200,train
3201,train
3202,train
3203,train
3204,valid
3205,train
3206,train
3207,train
3208,test
3209,test
3210,train
3211,test
3212,test
3213,train
3214,train
3215,test
3216,train
3217,train
3218,train
3219,train
3220,train
3221,train
3222,train
3223,test
3224,train
3225,valid
3226,train
3227,test
3228,valid
3229,train
3230,test
3231,test
3232,train
3233,train
3234,train
3235,train
3236,train
3237,train
3238,train
3239,train
3240,train
3241,train
3242,train
3243,test
3244,train
3245,train
3246,train
3247,test
3248,valid
3249,train
3250,train
3251,valid
3252,train
3253,train
3254,valid
3255,test
3256,train
3257,test
3258,train
3259,train
3260,valid
3261,train
3262,valid
3263,train
3264,test
3265,train
3266,test
3267,train
3268,train
3269,test
3270,train
3271,test
3272,train
3273,test
3274,train
3275,train
3276,train
3277,train
3278,train
3279,train
3280,train
3281,train
3282,valid
3283,test
3284,train
3285,test
3286,train
3287,test
3288,test
3289,train
3290,train
3291,train
3292,train
3293,train
3294,train
3295,train
3296,train
3297,train
3298,train
3299,test
3300,train
3301,train
3302,train
3303,train
3304,train
3305,train
3306,train
3307,train
3308,valid
3309,test
3310,train
3311,train
3312,train
3313,valid
3314,train
3315,train
3316,train
3317,test
3318,train
3319,test
3320,train
3321,train
3322,train
3323,train
3324,train
3325,train
3326,valid
3327,train
3328,train
3329,test
3330,test
3331,train
3332,train
3333,train
3334,valid
3335,test
3336,train
3337,train
3338,valid
3339,train
3340,train
3341,valid
3342,train
3343,train
3344,train
3345,valid
3346,train
3347,train
3348,train
3349,train
3350,test
3351,test
3352,train
3353,train
3354,test
3355,train
3356,train
3357,train
3358,valid
3359,train
3360,valid
3361,valid
3362,train
3363,train
3364,train
3365,train
3366,train
3367,test
3368,train
3369,valid
3370,train
3371,train
3372,train
3373,train
3374,train
3375,valid
3376,train
3377,train
3378,train
3379,test
3380,valid
3381,train
3382,train
3383,test
3384,test
3385,train
3386,valid
3387,test
3388,test
3389,train
3390,train
3391,valid
3392,valid
3393,train
3394,train
3395,test
3396,train
3397,test
3398,train
3399,test
3400,test
3401,train
3402,train
3403,test
3404,train
3405,train
3406,train
3407,valid
3408,train
3409,valid
3410,train
3411,test
3412,valid
3413,valid
3414,train
3415,train
3416,train
3417,train
3418,valid
3419,train
3420,train
3421,train
3422,test
3423,train
3424,train
3425,train
3426,test
3427,test
3428,test
3429,train
3430,train
3431,train
3432,train
3433,train
3434,train
3435,train
3436,train
3437,train
3438,train
3439,test
3440,valid
3441,valid
3442,test
3443,train
3444,train
3445,train
3446,train
3447,train
3448,train
3449,test
3450,valid
3451,train
3452,test
3453,train
3454,train
3455,train
3456,test
3457,train
3458,train
3459,train
3460,train
3461,train
3462,test
3463,train
3464,train
3465,train
3466,train
3467,train
3468,valid
3469,valid
3470,test
3471,test
3472,train
3473,train
3474,test
3475,test
3476,train
3477,train
3478,train
3479,train
3480,train
3481,train
3482,train
3483,test
3484,test
3485,train
3486,train
3487,train
3488,train
3489,test
3490,train
3491,train
3492,train
3493,test
3494,valid
3495,test
3496,train
3497,train
3498,train
3499,test
3500,train
3501,train
3502,train
3503,train
3504,test
3505,test
3506,valid
3507,train
3508,test
3509,test
3510,train
3511,test
3512,train
3513,valid
3514,train
3515,train
3516,train
3517,train
3518,train
3519,test
3520,train
3521,train
3522,train
3523,valid
3524,train
3525,train
3526,test
3527,train
3528,train
3529,train
3530,train
3531,valid
3532,valid
3533,test
3534,train
3535,train
3536,valid
3537,train
3538,test
3539,valid
3540,train
3541,train
3542,test
3543,train
3544,train
3545,train
3546,valid
3547,train
3548,test
3549,test
3550,train
3551,train
3552,valid
3553,train
3554,train
3555,train
3556,train
3557,train
3558,train
3559,train
3560,train
3561,train
3562,valid
3563,valid
3564,train
3565,train
3566,train
3567,test
3568,train
3569,train
3570,train
3571,train
3572,train
3573,train
3574,train
3575,train
3576,train
3577,valid
3578,train
3579,test
3580,test
3581,test
3582,test
3583,train
3584,train
3585,train
3586,test
3587,train
3588,valid
3589,test
3590,test
3591,valid
3592,train
3593,test
3594,valid
3595,test
3596,test
3597,train
3598,train
3599,train
3600,train
3601,train
3602,test
3603,train
3604,train
3605,train
3606,train
3607,train
3608,train
3609,test
3610,test
3611,train
3612,train
3613,test
3614,train
3615,train
3616,train
3617,test
3618,train
3619,train
3620,train
3621,train
3622,train
3623,valid
3624,valid
3625,train
3626,train
3627,train
3628,train
3629,train
3630,train
3631,valid
3632,train
3633,train
3634,train
3635,test
3636,test
3637,train
3638,train
3639,test
3640,test
3641,train
3642,train
3643,train
3644,test
3645,train
3646,valid
3647,train
3648,train
3649,train
3650,train
3651,train
3652,train
3653,train
3654,test
3655,train
3656,train
3657,train
3658,train
3659,test
3660,train
3661,test
3662,train
3663,test
3664,train
3665,train
3666,train
3667,train
3668,train
3669,train
3670,train
3671,train
3672,train
3673,train
3674,test
3675,train
3676,train
3677,train
3678,valid
3679,train
3680,train
3681,train
3682,train
3683,train
3684,train
3685,valid
3686,train
3687,train
3688,train
3689,train
3690,train
3691,test
3692,train
3693,train
3694,train
3695,test
3696,train
3697,train
3698,test
3699,test
3700,train
3701,train
3702,train
3703,test
3704,test
3705,train
3706,train
3707,test
3708,test
3709,train
3710,train
3711,test
3712,test
3713,train
3714,valid
3715,train
3716,valid
3717,train
3718,train
3719,train
3720,train
3721,train
3722,train
3723,train
3724,train
3725,train
3726,test
3727,train
3728,train
3729,valid
3730,train
3731,train
3732,train
3733,train
3734,train
3735,train
3736,test
3737,train
3738,train
3739,valid
3740,train
3741,test
3742,train
3743,train
3744,valid
3745,train
3746,test
3747,train
3748,train
3749,train
3750,train
3751,train
3752,train
3753,test
3754,test
3755,valid
3756,train
3757,train
3758,test
3759,train
3760,train
3761,train
3762,train
3763,train
3764,train
3765,train
3766,valid
3767,train
3768,valid
3769,train
3770,test
3771,train
3772,train
3773,train
3774,train
3775,valid
3776,train
3777,test
3778,train
3779,test
3780,train
3781,test
3782,train
3783,train
3784,train
3785,train
3786,train
3787,train
3788,train
3789,train
3790,test
3791,train
3792,train
3793,test
3794,train
3795,test
3796,valid
3797,train
3798,valid
3799,test
3800,test
3801,train
3802,train
3803,valid
3804,train
3805,train
3806,train
3807,test
3808,valid
3809,train
3810,train
3811,train
3812,train
3813,train
3814,test
3815,train
3816,train
3817,train
3818,train
3819,train
3820,train
3821,test
3822,train
3823,train
3824,train
3825,train
3826,train
3827,train
3828,test
3829,train
3830,test
3831,valid
3832,test
3833,train
3834,test
3835,test
3836,test
3837,train
3838,train
3839,valid
3840,train
3841,test
3842,train
3843,test
3844,test
3845,test
3846,train
3847,train
3848,test
3849,train
3850,train
3851,train
3852,valid
3853,train
3854,valid
3855,valid
3856,train
3857,valid
3858,train
3859,test
3860,train
3861,train
3862,train
3863,train
3864,train
3865,train
3866,train
3867,train
3868,train
3869,train
3870,train
3871,train
3872,train
3873,train
3874,train
3875,test
3876,train
3877,test
3878,train
3879,train
3880,train
3881,train
3882,train
3883,train
3884,train
3885,test
3886,test
3887,train
3888,train
3889,train
3890,train
3891,valid
3892,train
3893,train
3894,train
3895,train
3896,valid
3897,train
3898,train
3899,train
3900,train
3901,train
3902,test
3903,train
3904,train
3905,train
3906,test
3907,train
3908,train
3909,train
3910,train
3911,train
3912,train
3913,train
3914,train
3915,train
3916,train
3917,test
3918,train
3919,train
3920,test
3921,train
3922,valid
3923,test
3924,test
3925,train
3926,train
3927,valid
3928,train
3929,test
3930,test
3931,test
3932,test
3933,train
3934,train
3935,train
3936,train
3937,train
3938,train
3939,train
3940,test
3941,valid
3942,train
3943,train
3944,train
3945,train
3946,train
3947,test
3948,train
3949,train
3950,test
3951,valid
3952,train
3953,train
3954,train
3955,train
3956,train
3957,train
3958,train
3959,valid
3960,train
3961,train
3962,valid
3963,train
3964,train
3965,test
3966,train
3967,train
3968,train
3969,train
3970,train
3971,train
3972,test
3973,train
3974,valid
3975,valid
3976,train
3977,train
3978,train
3979,test
3980,test
3981,train
3982,train
3983,train
3984,train
3985,train
3986,train
3987,test
3988,train
3989,test
3990,train
3991,valid
3992,train
3993,train
3994,test
3995,valid
3996,train
3997,train
3998,train
3999,valid
4000,train
4001,train
4002,valid
4003,train
4004,test
4005,train
4006,train
4007,train
4008,train
4009,train
4010,train
4011,train
4012,train
4013,train
4014,train
4015,train
4016,test
4017,valid
4018,train
4019,train
4020,train
4021,train
4022,train
4023,train
4024,train
4025,train
4026,train
4027,test
4028,valid
4029,test
4030,train
4031,train
4032,train
4033,train
4034,train
4035,test
4036,train
4037,test
4038,test
4039,train
4040,train
4041,valid
4042,train
4043,train
4044,test
4045,valid
4046,train
4047,train
4048,test
4049,test
4050,train
4051,train
4052,train
4053,valid
4054,train
4055,train
4056,valid
4057,train
4058,train
4059,test
4060,train
4061,train
4062,valid
4063,train
4064,train
4065,train
4066,valid
4067,train
4068,train
4069,test
4070,train
4071,test
4072,train
4073,train
4074,train
4075,train
4076,train
4077,train
4078,valid
4079,train
4080,train
4081,test
4082,train
4083,train
4084,train
4085,test
4086,test
4087,valid
4088,train
4089,train
4090,train
4091,train
4092,train
4093,valid
4094,test
4095,train
4096,train
4097,train
4098,test
4099,train
4100,train
4101,train
4102,test
4103,train
4104,valid
4105,test
4106,train
4107,test
4108,train
4109,train
4110,train
4111,test
4112,train
4113,train
4114,train
4115,train
4116,test
4117,train
4118,train
4119,train
4120,test
4121,test
4122,train
4123,train
4124,train
4125,train
4126,test
4127,train
4128,train
4129,test
4130,train
4131,train
4132,train
4133,train
4134,train
4135,train
4136,train
4137,train
4138,train
4139,train
4140,train
4141,test
4142,train
4143,train
4144,test
4145,train
4146,train
4147,train
4148,valid
4149,test
4150,test
4151,valid
4152,valid
4153,test
4154,train
4155,train
4156,train
4157,test
4158,train
4159,train
4160,train
4161,test
4162,train
4163,train
4164,train
4165,valid
4166,test
4167,train
4168,train
4169,test
4170,train
4171,test
4172,valid
4173,train
4174,train
4175,train
4176,train
4177,train
4178,train
4179,test
4180,train
4181,train
4182,test
4183,train
4184,train
4185,train
4186,train
4187,test
4188,train
4189,train
4190,valid
4191,valid
4192,valid
4193,train
4194,train
4195,test
4196,valid
4197,train
4198,train
4199,train
4200,train
4201,train
4202,train
4203,test
4204,test
4205,valid
4206,train
4207,test
4208,train
4209,valid
4210,test
4211,train
4212,test
4213,valid
4214,train
4215,train
4216,train
4217,test
4218,valid
4219,train
4220,train
4221,test
4222,train
4223,train
4224,test
4225,train
4226,train
4227,train
4228,test
4229,train
4230,test
4231,train
4232,train
4233,train
4234,train
4235,train
4236,test
4237,train
4238,train
4239,valid
4240,train
4241,train
4242,test
4243,valid
4244,valid
4245,train
4246,train
4247,test
4248,train
4249,valid
4250,train
4251,train
4252,train
4253,test
4254,test
4255,test
4256,train
4257,test
4258,train
4259,test
4260,train
4261,valid
4262,train
4263,train
4264,train
4265,train
4266,test
4267,train
4268,train
4269,train
4270,valid
4271,train
4272,train
4273,train
4274,test
4275,train
4276,train
4277,train
4278,train
4279,train
4280,train
4281,train
4282,train
4283,test
4284,train
4285,train
4286,test
4287,valid
4288,train
4289,train
4290,train
4291,train
4292,test
4293,train
4294,test
4295,train
4296,train
4297,test
4298,valid
4299,train
4300,train
4301,train
4302,train
4303,train
4304,test
4305,train
4306,valid
4307,test
4308,train
4309,train
4310,train
4311,train
4312,train
4313,train
4314,train
4315,train
4316,train
4317,train
4318,train
4319,valid
4320,train
4321,test
4322,train
4323,test
4324,train
4325,valid
4326,train
4327,valid
4328,train
4329,train
4330,train
4331,valid
4332,train
4333,valid
4334,train
4335,train
4336,train
4337,test
4338,valid
4339,train
4340,test
4341,train
4342,test
4343,train
4344,test
4345,test
4346,valid
4347,valid
4348,test
4349,train
4350,train
4351,train
4352,test
4353,valid
4354,train
4355,valid
4356,train
4357,train
4358,train
4359,train
4360,train
4361,train
4362,train
4363,train
4364,train
4365,train
4366,train
4367,train
4368,valid
4369,train
4370,train
4371,valid
4372,test
4373,test
4374,train
4375,train
4376,test
4377,train
4378,train
4379,train
4380,train
4381,valid
4382,valid
4383,train
4384,train
4385,test
4386,train
4387,valid
4388,train
4389,train
4390,train
4391,train
4392,test
4393,train
4394,test
4395,train
4396,train
4397,train
4398,train
4399,valid
4400,valid
4401,train
4402,train
4403,train
4404,train
4405,test
4406,test
4407,train
4408,train
4409,test
4410,train
4411,test
4412,train
4413,train
4414,test
4415,train
4416,train
4417,test
4418,train
4419,train
4420,test
4421,train
4422,test
4423,train
4424,train
4425,train
4426,valid
4427,train
4428,train
4429,train
4430,train
4431,train
4432,train
4433,train
4434,train
4435,train
4436,train
4437,train
4438,valid
4439,test
4440,train
4441,train
4442,valid
4443,train
4444,train
4445,train
4446,valid
4447,train
4448,train
4449,test
4450,test
4451,test
4452,valid
4453,valid
4454,train
4455,train
4456,test
4457,valid
4458,test
4459,train
4460,test
4461,valid
4462,test
4463,train
4464,train
4465,train
4466,train
4467,train
4468,train
4469,valid
4470,test
4471,train
4472,test
4473,train
4474,train
4475,train
4476,test
4477,train
4478,train
4479,train
4480,test
4481,test
4482,valid
4483,train
4484,train
4485,test
4486,train
4487,train
4488,train
4489,train
4490,valid
4491,valid
4492,train
4493,train
4494,train
4495,train
4496,train
4497,train
4498,train
4499,train
4500,train
4501,train
4502,test
4503,test
4504,train
4505,train
4506,train
4507,train
4508,train
4509,train
4510,valid
4511,train
4512,train
4513,train
4514,test
4515,train
4516,train
4517,train
4518,train
4519,train
4520,test
4521,test
4522,valid
4523,train
4524,train
4525,train
4526,test
4527,train
4528,train
4529,train
4530,train
4531,train
4532,train
4533,train
4534,train
4535,test
4536,train
4537,train
4538,train
4539,valid
4540,train
4541,test
4542,train
4543,train
4544,valid
4545,train
4546,train
4547,test
4548,train
4549,train
4550,train
4551,valid
4552,train
4553,train
4554,train
4555,train
4556,valid
4557,test
4558,train
4559,train
4560,train
4561,test
4562,train
4563,train
4564,train
4565,train
4566,train
4567,train
4568,train
4569,train
4570,test
4571,train
4572,valid
4573,train
4574,train
4575,valid
4576,train
4577,train
4578,test
4579,train
4580,test
4581,test
4582,train
4583,valid
4584,train
4585,test
4586,train
4587,train
4588,train
4589,valid
4590,test
4591,train
4592,train
4593,valid
4594,valid
4595,valid
4596,train
4597,test
4598,valid
4599,valid
4600,train
4601,train
4602,valid
4603,test
4604,train
4605,train
4606,test
4607,train
4608,train
4609,train
4610,train
4611,train
4612,train
4613,train
4614,train
4615,train
4616,train
4617,train
4618,train
4619,train
4620,train
4621,train
4622,train
4623,train
4624,train
4625,train
4626,valid
4627,valid
4628,valid
4629,valid
4630,train
4631,valid
4632,train
4633,valid
4634,valid
4635,test
4636,train
4637,test
4638,train
4639,train
4640,test
4641,train
4642,test
4643,valid
4644,train
4645,train
4646,test
4647,train
4648,train
4649,train
4650,train
4651,valid
4652,train
4653,train
4654,train
4655,train
4656,train
4657,train
4658,train
4659,train
4660,test
4661,train
4662,train
4663,train
4664,train
4665,train
4666,train
4667,train
4668,test
4669,train
4670,train
4671,train
4672,train
4673,test
4674,train
4675,train
4676,train
4677,train
4678,valid
4679,test
4680,test
4681,train
4682,valid
4683,train
4684,valid
4685,train
4686,test
4687,train
4688,train
4689,test
4690,test
4691,train
4692,train
4693,train
4694,train
4695,train
4696,valid
4697,test
4698,train
4699,train
4700,test
4701,train
4702,train
4703,test
4704,train
4705,train
4706,test
4707,test
4708,test
4709,train
4710,train
4711,valid
4712,valid
4713,train
4714,train
4715,train
4716,test
4717,train
4718,train
4719,train
4720,valid
4721,test
4722,train
4723,train
4724,train
4725,train
4726,train
4727,train
4728,valid
4729,train
4730,train
4731,test
4732,train
4733,train
4734,train
4735,train
4736,train
4737,train
4738,train
4739,test
4740,test
4741,test
4742,train
4743,test
4744,train
4745,test
4746,test
4747,train
4748,train
4749,train
4750,test
4751,train
4752,test
4753,train
4754,train
4755,train
4756,train
4757,test
4758,train
4759,valid
4760,train
4761,train
4762,train
4763,test
4764,train
4765,train
4766,valid
4767,train
4768,train
4769,valid
4770,valid
4771,train
4772,test
4773,test
4774,train
4775,valid
4776,valid
4777,train
4778,train
4779,train
4780,train
4781,train
4782,train
4783,train
4784,test
4785,train
4786,test
4787,train
4788,train
4789,test
4790,train
4791,valid
4792,train
4793,train
4794,test
4795,test
4796,train
4797,train
4798,train
4799,train
4800,train
4801,train
4802,train
4803,train
4804,train
4805,train
4806,train
4807,valid
4808,train
4809,valid
4810,valid
4811,test
4812,train
4813,train
4814,test
4815,test
4816,train
4817,train
4818,test
4819,train
4820,test
4821,train
4822,train
4823,train
4824,train
4825,train
4826,train
4827,train
4828,train
4829,train
4830,train
4831,train
4832,train
4833,test
4834,train
4835,train
4836,train
4837,train
4838,train
4839,train
4840,valid
4841,train
4842,train
4843,train
4844,test
4845,test
4846,test
4847,train
4848,test
4849,train
4850,train
4851,test
4852,test
4853,train
4854,train
4855,train
4856,train
4857,train
4858,train
4859,train
4860,train
4861,train
4862,train
4863,train
4864,valid
4865,train
4866,train
4867,valid
4868,test
4869,train
4870,train
4871,train
4872,test
4873,train
4874,train
4875,train
4876,train
4877,train
4878,test
4879,valid
4880,test
4881,train
4882,train
4883,train
4884,train
4885,test
4886,train
4887,train
4888,train
4889,train
4890,train
4891,test
4892,train
4893,valid
4894,train
4895,test
4896,train
4897,train
4898,valid
4899,train
4900,train
4901,test
4902,train
4903,test
4904,test
4905,train
4906,train
4907,train
4908,valid
4909,train
4910,train
4911,train
4912,train
4913,train
4914,test
4915,train
4916,test
4917,train
4918,train
4919,train
4920,train
4921,valid
4922,train
4923,train
4924,train
4925,train
4926,train
4927,train
4928,valid
4929,train
4930,train
4931,valid
4932,train
4933,test
4934,train
4935,train
4936,train
4937,valid
4938,train
4939,train
4940,train
4941,train
4942,train
4943,train
4944,train
4945,train
4946,train
4947,train
4948,train
4949,train
4950,test
4951,test
4952,train
4953,test
4954,valid
4955,train
4956,test
4957,valid
4958,train
4959,train
4960,train
4961,train
4962,train
4963,train
4964,train
4965,valid
4966,train
4967,train
4968,train
4969,test
4970,test
4971,train
4972,train
4973,test
4974,train
4975,test
4976,train
4977,train
4978,test
4979,train
4980,train
4981,train
4982,test
4983,test
4984,train
4985,test
4986,test
4987,train
4988,train
4989,train
4990,test
4991,test
4992,test
4993,train
4994,train
4995,train
4996,train
4997,train
4998,train
4999,train
5000,train
5001,train
5002,train
5003,train
5004,train
5005,valid
5006,test
5007,test
5008,valid
5009,train
5010,train
5011,train
5012,valid
5013,valid
5014,train
5015,train
5016,train
5017,train
5018,train
5019,test
5020,valid
5021,valid
5022,train
5023,train
5024,train
5025,train
5026,test
5027,test
5028,train
5029,train
5030,train
5031,train
5032,train
5033,train
5034,train
5035,test
5036,test
5037,train
5038,valid
5039,test
5040,train
5041,test
5042,valid
5043,test
5044,train
5045,train
5046,test
5047,train
5048,test
5049,test
5050,train
5051,train
5052,train
5053,train
5054,test
5055,train
5056,valid
5057,train
5058,valid
5059,train
5060,train
5061,train
5062,train
5063,train
5064,train
5065,train
5066,train
5067,train
5068,train
5069,test
5070,train
5071,train
5072,train
5073,train
5074,train
5075,train
5076,train
5077,train
5078,train
5079,train
5080,train
5081,train
5082,test
5083,valid
5084,train
5085,train
5086,train
5087,train
5088,train
5089,train
5090,train
5091,valid
5092,train
5093,train
5094,valid
5095,test
5096,train
5097,test
5098,valid
5099,test
5100,train
5101,test
5102,train
5103,train
5104,valid
5105,train
5106,train
5107,train
5108,test
5109,train
5110,valid
5111,train
5112,train
5113,train
5114,train
5115,test
5116,test
5117,train
5118,train
5119,train
5120,train
5121,train
5122,test
5123,valid
5124,train
5125,train
5126,train
5127,train
5128,train
5129,test
5130,train
5131,train
5132,train
5133,train
5134,test
5135,train
5136,test
5137,train
5138,train
5139,test
5140,test
5141,train
5142,train
5143,valid
5144,train
5145,train
5146,valid
5147,train
5148,train
5149,test
5150,train
5151,train
5152,valid
5153,valid
5154,train
5155,train
5156,test
5157,valid
5158,test
5159,train
5160,train
5161,test
5162,train
5163,train
5164,test
5165,valid
5166,train
5167,train
5168,train
5169,train
5170,train
5171,train
5172,train
5173,test
5174,valid
5175,test
5176,train
5177,train
5178,train
5179,train
5180,train
5181,train
5182,test
5183,train
5184,test
5185,train
5186,train
5187,test
5188,train
5189,train
5190,train
5191,valid
5192,train
5193,train
5194,train
5195,train
5196,test
5197,test
5198,train
5199,test
5200,test
5201,train
5202,test
5203,test
5204,train
5205,valid
5206,train
5207,train
5208,valid
5209,train
5210,valid
5211,test
5212,test
5213,train
5214,train
5215,test
5216,test
5217,test
5218,valid
5219,test
5220,test
5221,test
5222,test
5223,test
5224,train
5225,train
5226,test
5227,test
5228,test
5229,train
5230,train
5231,train
5232,train
5233,train
5234,valid
5235,train
5236,train
5237,test
5238,train
5239,train
5240,train
5241,train
5242,train
5243,train
5244,valid
5245,train
5246,test
5247,train
5248,train
5249,train
5250,train
5251,train
5252,train
5253,test
5254,train
5255,valid
5256,train
5257,train
5258,train
5259,train
5260,train
5261,test
5262,valid
5263,train
5264,train
5265,valid
5266,train
5267,train
5268,train
5269,train
5270,train
5271,valid
5272,train
5273,train
5274,train
5275,train
5276,train
5277,train
5278,train
5279,train
5280,train
5281,valid
5282,train
5283,test
5284,train
5285,test
5286,train
5287,test
5288,train
5289,train
5290,train
5291,valid
5292,train
5293,train
5294,train
5295,train
5296,train
5297,valid
5298,train
5299,train
5300,train
5301,train
5302,train
5303,train
5304,valid
5305,test
5306,train
5307,train
5308,train
5309,train
5310,train
5311,train
5312,train
5313,test
5314,valid
5315,train
5316,train
5317,train
5318,train
5319,train
5320,train
5321,train
5322,train
5323,train
5324,train
5325,train
5326,test
5327,valid
5328,valid
5329,train
5330,train
5331,train
5332,train
5333,test
5334,train
5335,train
5336,valid
5337,train
5338,test
5339,train
5340,test
5341,valid
5342,test
5343,train
5344,test
5345,train
5346,train
5347,test
5348,train
5349,test
5350,train
5351,train
5352,valid
5353,train
5354,valid
5355,test
5356,valid
5357,train
5358,train
5359,train
5360,train
5361,train
5362,train
5363,train
5364,train
5365,train
5366,train
5367,train
5368,train
5369,train
5370,train
5371,train
5372,train
5373,train
5374,train
5375,train
5376,train
5377,train
5378,test
5379,train
5380,test
5381,train
5382,train
5383,test
5384,test
5385,test
5386,train
5387,test
5388,train
5389,test
5390,train
5391,train
5392,test
5393,train
5394,test
5395,test
5396,valid
5397,train
5398,train
5399,train
5400,train
5401,train
5402,train
5403,valid
5404,valid
5405,train
5406,test
5407,train
5408,valid
5409,train
5410,train
5411,train
5412,train
5413,train
5414,train
5415,test
5416,train
5417,train
5418,train
5419,train
5420,train
5421,train
5422,train
5423,test
5424,train
5425,train
5426,test
5427,train
5428,test
5429,train
5430,train
5431,train
5432,train
5433,train
5434,train
5435,train
5436,train
5437,test
5438,test
5439,valid
5440,train
5441,test
5442,train
5443,train
5444,train
5445,train
5446,train
5447,train
5448,train
5449,train
5450,test
5451,train
5452,train
5453,valid
5454,test
5455,train
5456,test
5457,test
5458,train
5459,train
5460,valid
5461,test
5462,test
5463,train
5464,train
5465,test
5466,valid
5467,test
5468,train
5469,valid
5470,train
5471,train
5472,train
5473,test
5474,train
5475,train
5476,train
5477,valid
5478,test
5479,train
5480,train
5481,train
5482,train
5483,train
5484,train
5485,train
5486,train
5487,train
5488,valid
5489,train
5490,train
5491,train
5492,train
5493,train
5494,valid
5495,train
5496,valid
5497,test
5498,train
5499,valid
5500,valid
5501,test
5502,test
5503,train
5504,train
5505,test
5506,test
5507,valid
5508,train
5509,train
5510,train
5511,train
5512,test
5513,test
5514,test
5515,train
5516,train
5517,train
5518,train
5519,train
5520,train
5521,train
5522,train
5523,train
5524,test
5525,train
5526,train
5527,train
5528,train
5529,valid
5530,train
5531,train
5532,train
5533,test
5534,test
5535,train
5536,test
5537,train
5538,train
5539,train
5540,train
5541,train
5542,train
5543,train
5544,train
5545,valid
5546,test
5547,train
5548,train
5549,test
5550,train
5551,train
5552,test
5553,train
5554,test
5555,valid
5556,train
5557,test
5558,train
5559,train
5560,train
5561,train
5562,test
5563,train
5564,train
5565,test
5566,train
5567,train
5568,train
5569,valid
5570,train
5571,test
5572,train
5573,test
5574,train
5575,train
5576,train
5577,test
5578,train
5579,valid
5580,train
5581,train
5582,train
5583,train
5584,train
5585,test
5586,train
5587,train
5588,train
5589,train
5590,valid
5591,train
5592,train
5593,train
5594,train
5595,train
5596,test
5597,train
5598,train
5599,test
5600,train
5601,train
5602,test
5603,train
5604,train
5605,test
5606,train
5607,train
5608,train
5609,valid
5610,train
5611,test
5612,train
5613,train
5614,train
5615,train
5616,valid
5617,train
5618,train
5619,train
5620,train
5621,train
5622,test
5623,train
5624,test
5625,train
5626,train
5627,train
5628,test
5629,valid
5630,train
5631,train
5632,train
5633,train
5634,train
5635,train
5636,train
5637,valid
5638,train
5639,train
5640,train
5641,test
5642,train
5643,train
5644,train
5645,train
5646,train
5647,train
5648,test
5649,train
5650,train
5651,valid
5652,train
5653,train
5654,train
5655,test
5656,train
5657,train
5658,test
5659,test
5660,test
5661,valid
5662,train
5663,test
5664,train
5665,train
5666,test
5667,valid
5668,train
5669,train
5670,train
5671,train
5672,test
5673,train
5674,valid
5675,train
5676,train
5677,train
5678,train
5679,test
5680,test
5681,train
5682,train
5683,valid
5684,train
5685,train
5686,test
5687,train
5688,train
5689,test
5690,train
5691,valid
5692,train
5693,train
5694,train
5695,train
5696,valid
5697,train
5698,test
5699,train
5700,train
5701,train
5702,valid
5703,train
5704,train
5705,train
5706,test
5707,test
5708,test
5709,train
5710,train
5711,train
5712,test
5713,test
5714,train
5715,train
5716,test
5717,train
5718,train
5719,train
5720,train
5721,test
5722,train
5723,train
5724,train
5725,train
5726,valid
5727,train
5728,test
5729,train
5730,train
5731,train
5732,train
5733,test
5734,train
5735,train
5736,train
5737,valid
5738,train
5739,train
5740,train
5741,train
5742,valid
5743,test
5744,train
5745,train
5746,train
5747,test
5748,train
5749,train
5750,test
5751,train
5752,train
5753,valid
5754,train
5755,test
5756,train
5757,train
5758,train
5759,train
5760,train
5761,train
5762,train
5763,test
5764,train
5765,train
5766,train
5767,valid
5768,train
5769,train
5770,train
5771,test
5772,test
5773,train
5774,train
5775,train
5776,train
5777,train
5778,test
5779,train
5780,train
5781,test
5782,train
5783,train
5784,train
5785,train
5786,valid
5787,train
5788,train
5789,train
5790,train
5791,train
5792,train
5793,train
5794,valid
5795,train
5796,train
5797,train
5798,train
5799,train
5800,test
5801,train
5802,train
5803,train
5804,test
5805,test
5806,train
5807,train
5808,train
5809,train
5810,train
5811,train
5812,train
5813,train
5814,train
5815,test
5816,test
5817,train
5818,train
5819,train
5820,train
5821,train
5822,train
5823,train
5824,train
5825,test
5826,valid
5827,train
5828,train
5829,train
5830,train
5831,train
5832,valid
5833,train
5834,train
5835,train
5836,valid
5837,test
5838,train
5839,test
5840,train
5841,train
5842,test
5843,train
5844,test
5845,test
5846,train
5847,train
5848,valid
5849,train
5850,train
5851,valid
5852,train
5853,train
5854,test
5855,train
5856,train
5857,train
5858,valid
5859,valid
5860,test
5861,test
5862,valid
5863,train
5864,train
5865,test
5866,test
5867,train
5868,train
5869,train
5870,train
5871,valid
5872,test
5873,valid
5874,train
5875,train
5876,test
5877,train
5878,train
5879,valid
5880,test
5881,test
5882,train
5883,train
5884,test
5885,train
5886,valid
5887,test
5888,train
5889,train
5890,train
5891,train
5892,train
5893,valid
5894,train
5895,train
5896,train
5897,train
5898,train
5899,train
5900,train
5901,train
5902,train
5903,train
5904,train
5905,valid
5906,train
5907,train
5908,valid
5909,test
5910,train
5911,train
5912,train
5913,train
5914,train
5915,valid
5916,test
5917,train
5918,train
5919,train
5920,train
5921,train
5922,train
5923,train
5924,train
5925,train
5926,test
5927,train
5928,test
5929,train
5930,test
5931,train
5932,train
5933,train
5934,train
5935,train
5936,train
5937,train
5938,test
5939,train
5940,valid
5941,test
5942,valid
5943,train
5944,valid
5945,train
5946,train
5947,train
5948,train
5949,train
5950,train
5951,train
5952,train
5953,valid
5954,test
5955,test
5956,train
5957,train
5958,train
5959,train
5960,train
5961,train
5962,train
5963,train
5964,train
5965,train
5966,train
5967,train
5968,train
5969,train
5970,train
5971,train
5972,test
5973,train
5974,train
5975,train
5976,test
5977,train
5978,train
5979,train
5980,test
5981,test
5982,train
5983,test
5984,valid
5985,train
5986,train
5987,train
5988,train
5989,train
5990,train
5991,train
5992,train
5993,train
5994,train
5995,train
5996,train
5997,train
5998,valid
5999,train
6000,train
6001,test
6002,valid
6003,train
6004,test
6005,train
6006,train
6007,train
6008,train
6009,train
6010,train
6011,train
6012,test
6013,train
6014,valid
6015,test
6016,train
6017,train
6018,train
6019,train
6020,train
6021,train
6022,train
6023,train
6024,valid
6025,test
6026,valid
6027,train
6028,train
6029,train
6030,test
6031,train
6032,train
6033,train
6034,valid
6035,train
6036,test
6037,train
6038,train
6039,train
6040,test
6041,train
6042,train
6043,train
6044,train
6045,train
6046,train
6047,train
6048,train
6049,test
6050,test
6051,train
6052,train
6053,test
6054,train
6055,train
6056,train
6057,train
6058,train
6059,valid
6060,train
6061,train
6062,valid
6063,train
6064,train
6065,valid
6066,train
6067,valid
6068,test
6069,train
6070,test
6071,test
6072,train
6073,test
6074,train
6075,train
6076,valid
6077,train
6078,train
6079,train
6080,train
6081,train
6082,test
6083,train
6084,train
6085,train
6086,train
6087,valid
6088,test
6089,train
6090,train
6091,train
6092,test
6093,train
6094,train
6095,train
6096,train
6097,train
6098,valid
6099,train
6100,train
6101,train
6102,train
6103,train
6104,train
6105,train
6106,train
6107,train
6108,train
6109,test
6110,train
6111,train
6112,test
6113,test
6114,train
6115,train
6116,train
6117,train
6118,train
6119,train
6120,test
6121,test
6122,train
6123,train
6124,train
6125,train
6126,train
6127,test
6128,train
6129,test
6130,train
6131,train
6132,train
6133,train
6134,train
6135,test
6136,train
6137,train
6138,train
6139,test
6140,valid
6141,train
6142,train
6143,train
6144,train
6145,train
6146,test
6147,train
6148,train
6149,test
6150,test
6151,train
6152,test
6153,train
6154,train
6155,train
6156,train
6157,valid
6158,test
6159,valid
6160,train
6161,train
6162,train
6163,valid
6164,valid
6165,test
6166,train
6167,train
6168,train
6169,train
6170,test
6171,train
6172,train
6173,train
6174,train
6175,train
6176,train
6177,valid
6178,train
6179,train
6180,train
6181,train
6182,train
6183,valid
6184,train
6185,train
6186,train
6187,test
6188,test
6189,test
6190,train
6191,valid
6192,valid
6193,train
6194,train
6195,train
6196,valid
6197,train
6198,train
6199,train
6200,train
6201,train
6202,train
6203,test
6204,train
6205,test
6206,train
6207,test
6208,valid
6209,train
6210,train
6211,train
6212,train
6213,train
6214,train
6215,test
6216,test
6217,test
6218,train
6219,train
6220,train
6221,valid
6222,train
6223,train
6224,test
6225,test
6226,train
6227,train
6228,train
6229,train
6230,train
6231,train
6232,train
6233,train
6234,train
6235,test
6236,test
6237,train
6238,test
6239,train
6240,test
6241,train
6242,train
6243,train
6244,valid
6245,test
6246,valid
6247,train
6248,train
6249,train
6250,train
6251,train
6252,train
6253,test
6254,test
6255,valid
6256,train
6257,train
6258,train
6259,test
6260,train
6261,train
6262,train
6263,train
6264,train
6265,valid
6266,train
6267,train
6268,test
6269,test
6270,valid
6271,train
6272,test
6273,train
6274,train
6275,valid
6276,train
6277,train
6278,train
6279,train
6280,valid
6281,test
6282,test
6283,valid
6284,train
6285,train
6286,train
6287,train
6288,valid
6289,train
6290,test
6291,train
6292,test
6293,train
6294,train
6295,train
6296,train
6297,train
6298,train
6299,train
6300,train
6301,train
6302,train
6303,train
6304,train
6305,train
6306,train
6307,valid
6308,valid
6309,test
6310,test
6311,train
6312,train
6313,train
6314,train
6315,train
6316,train
6317,test
6318,train
6319,train
6320,test
6321,train
6322,train
6323,train
6324,train
6325,train
6326,test
6327,train
6328,train
6329,test
6330,train
6331,train
6332,train
6333,test
6334,valid
6335,test
6336,train
6337,train
6338,train
6339,train
6340,train
6341,valid
6342,test
6343,train
6344,train
6345,valid
6346,valid
6347,train
6348,valid
6349,train
6350,train
6351,train
6352,train
6353,test
6354,valid
6355,test
6356,test
6357,train
6358,train
6359,train
6360,train
6361,train
6362,train
6363,test
6364,train
6365,valid
6366,train
6367,test
6368,valid
6369,train
6370,train
6371,train
6372,train
6373,train
6374,train
6375,train
6376,train
6377,train
6378,test
6379,train
6380,test
6381,train
6382,train
6383,train
6384,train
6385,train
6386,train
6387,train
6388,train
6389,test
6390,train
6391,test
6392,train
6393,test
6394,train
6395,train
6396,test
6397,valid
6398,train
6399,train
6400,test
6401,test
6402,train
6403,train
6404,train
6405,test
6406,train
6407,train
6408,valid
6409,train
6410,train
6411,train
6412,train
6413,train
6414,train
6415,train
6416,train
6417,train
6418,train
6419,test
6420,test
6421,train
6422,valid
6423,test
6424,train
6425,test
6426,test
6427,train
6428,test
6429,test
6430,train
6431,train
6432,valid
6433,train
6434,test
6435,test
6436,train
6437,train
6438,train
6439,train
6440,train
6441,test
6442,train
6443,test
6444,train
6445,valid
6446,train
6447,train
6448,train
6449,train
6450,train
6451,valid
6452,train
6453,train
6454,test
6455,train
6456,test
6457,train
6458,train
6459,train
6460,valid
6461,test
6462,train
6463,test
6464,test
6465,train
6466,train
6467,train
6468,train
6469,train
6470,train
6471,train
6472,train
6473,train
6474,valid
6475,train
6476,train
6477,train
6478,train
6479,test
6480,train
6481,test
6482,train
6483,test
6484,test
6485,train
6486,train
6487,train
6488,train
6489,train
6490,valid
6491,train
6492,train
6493,test
6494,train
6495,train
6496,train
6497,train
6498,valid
6499,test
6500,valid
6501,train
6502,train
6503,test
6504,test
6505,test
6506,test
6507,train
6508,train
6509,test
6510,train
6511,train
6512,valid
6513,train
6514,valid
6515,train
6516,train
6517,train
6518,train
6519,train
6520,train
6521,train
6522,train
6523,train
6524,train
6525,train
6526,train
6527,test
6528,test
6529,test
6530,test
6531,train
6532,test
6533,train
6534,train
6535,test
6536,train
6537,train
6538,train
6539,test
6540,train
6541,train
6542,train
6543,train
6544,train
6545,train
6546,train
6547,train
6548,test
6549,train
6550,train
6551,train
6552,test
6553,test
6554,train
6555,train
6556,train
6557,train
6558,train
6559,train
6560,train
6561,train
6562,train
6563,test
6564,train
6565,train
6566,train
6567,train
6568,train
6569,train
6570,train
6571,train
6572,train
6573,train
6574,train
6575,train
6576,train
6577,test
6578,train
6579,train
6580,train
6581,train
6582,train
6583,train
6584,train
6585,valid
6586,train
6587,train
6588,train
6589,train
6590,train
6591,train
6592,train
6593,train
6594,train
6595,train
6596,train
6597,test
6598,train
6599,train
6600,train
6601,train
6602,train
6603,test
6604,train
6605,test
6606,train
6607,train
6608,valid
6609,train
6610,train
6611,train
6612,train
6613,test
6614,train
6615,train
6616,train
6617,train
6618,train
6619,train
6620,train
6621,test
6622,train
6623,train
6624,train
6625,train
6626,test
6627,train
6628,train
6629,test
6630,valid
6631,valid
6632,test
6633,test
6634,test
6635,test
6636,test
6637,train
6638,train
6639,train
6640,train
6641,train
6642,valid
6643,valid
6644,valid
6645,train
6646,train
6647,test
6648,train
6649,train
6650,train
6651,test
6652,valid
6653,train
6654,train
6655,train
6656,train
6657,train
6658,valid
6659,train
6660,train
6661,train
6662,train
6663,test
6664,test
6665,train
6666,train
6667,train
6668,train
6669,valid
6670,train
6671,train
6672,valid
6673,test
6674,train
6675,valid
6676,train
6677,test
6678,train
6679,train
6680,train
6681,train
6682,valid
6683,test
6684,train
6685,train
6686,train
6687,train
6688,train
6689,test
6690,train
6691,test
6692,train
6693,train
6694,train
6695,train
6696,train
6697,valid
6698,train
6699,train
6700,train
6701,train
6702,train
6703,train
6704,valid
6705,train
6706,train
6707,train
6708,train
6709,test
6710,train
6711,train
6712,train
6713,test
6714,train
6715,train
6716,valid
6717,train
6718,test
6719,train
6720,train
6721,test
6722,train
6723,train
6724,train
6725,train
6726,test
6727,test
6728,train
6729,train
6730,train
6731,train
6732,train
6733,valid
6734,train
6735,train
6736,train
6737,train
6738,train
6739,train
6740,train
6741,train
6742,test
6743,test
6744,train
6745,test
6746,test
6747,test
6748,train
6749,valid
6750,train
6751,train
6752,train
6753,train
6754,test
6755,train
6756,train
6757,train
6758,train
6759,test
6760,test
6761,test
6762,train
6763,train
6764,train
6765,train
6766,train
6767,train
6768,train
6769,train
6770,test
6771,train
6772,train
6773,train
6774,train
6775,train
6776,train
6777,train
6778,train
6779,test
6780,test
6781,train
6782,train
6783,train
6784,train
6785,train
6786,train
6787,valid
6788,train
6789,test
6790,train
6791,train
6792,train
6793,train
6794,train
6795,valid
6796,train
6797,train
6798,test
6799,train
6800,valid
6801,train
6802,train
6803,test
6804,train
6805,valid
6806,train
6807,valid
6808,train
6809,train
6810,train
6811,train
6812,train
6813,valid
6814,test
6815,train
6816,test
6817,valid
6818,train
6819,train
6820,train
6821,valid
6822,train
6823,train
6824,train
6825,test
6826,train
6827,test
6828,valid
6829,train
6830,train
6831,train
6832,train
6833,train
6834,train
6835,train
6836,test
6837,test
6838,train
6839,train
6840,train
6841,train
6842,train
6843,train
6844,train
6845,train
6846,train
6847,valid
6848,test
6849,train
6850,train
6851,valid
6852,valid
6853,train
6854,train
6855,train
6856,valid
6857,train
6858,test
6859,train
6860,train
6861,valid
6862,valid
6863,train
6864,test
6865,train
6866,test
6867,valid
6868,train
6869,test
6870,train
6871,test
6872,train
6873,test
6874,train
6875,train
6876,train
6877,test
6878,valid
6879,train
6880,test
6881,train
6882,train
6883,train
6884,train
6885,train
6886,test
6887,test
6888,test
6889,test
6890,train
6891,train
6892,valid
6893,test
6894,valid
6895,train
6896,valid
6897,test
6898,train
6899,train
6900,test
6901,train
6902,train
6903,test
6904,train
6905,test
6906,train
6907,test
6908,train
6909,train
6910,test
6911,train
6912,test
6913,test
6914,valid
6915,test
6916,train
6917,test
6918,train
6919,test
6920,test
6921,valid
6922,test
6923,valid
6924,valid
6925,valid
6926,test
6927,train
6928,valid
6929,valid
6930,train
6931,train
6932,train
6933,train
6934,test
6935,test
6936,train
6937,train
6938,train
6939,train
6940,test
6941,train
6942,valid
6943,train
6944,train
6945,test
6946,train
6947,test
6948,train
6949,test
6950,train
6951,valid
6952,test
6953,train
6954,train
6955,train
6956,train
6957,train
6958,train
6959,train
6960,train
6961,train
6962,train
6963,train
6964,train
6965,train
6966,test
6967,valid
6968,train
6969,train
6970,train
6971,train
6972,valid
6973,train
6974,train
6975,train
6976,valid
6977,train
6978,test
6979,train
6980,train
6981,valid
6982,train
6983,train
6984,test
6985,train
6986,train
6987,train
6988,train
6989,train
6990,train
6991,train
6992,train
6993,train
6994,train
6995,test
6996,valid
6997,train
6998,train
6999,train
7000,train
7001,train
7002,train
7003,train
7004,train
7005,train
7006,train
7007,train
7008,train
7009,train
7010,train
7011,valid
7012,train
7013,test
7014,valid
7015,train
7016,train
7017,train
7018,train
7019,train
7020,train
7021,train
7022,train
7023,train
7024,train
7025,test
7026,valid
7027,train
7028,train
7029,train
7030,test
7031,test
7032,train
7033,train
7034,test
7035,train
7036,train
7037,train
7038,train
7039,train
7040,train
7041,train
7042,train
7043,test
7044,valid
7045,valid
7046,train
7047,train
7048,test
7049,train
7050,test
7051,valid
7052,valid
7053,train
7054,train
7055,train
7056,train
7057,valid
7058,train
7059,valid
7060,train
7061,train
7062,train
7063,train
7064,test
7065,train
7066,valid
7067,train
7068,train
7069,train
7070,train
7071,test
7072,test
7073,valid
7074,train
7075,valid
7076,train
7077,train
7078,train
7079,train
7080,valid
7081,train
7082,valid
7083,train
7084,train
7085,train
7086,test
7087,valid
7088,train
7089,train
7090,train
7091,train
7092,test
7093,train
7094,train
7095,test
7096,train
7097,train
7098,train
7099,train
7100,train
7101,train
7102,train
7103,test
7104,train
7105,test
7106,train
7107,valid
7108,test
7109,train
7110,test
7111,train
7112,train
7113,test
7114,test
7115,valid
7116,train
7117,train
7118,test
7119,train
7120,train
7121,valid
7122,train
7123,valid
7124,train
7125,train
7126,valid
7127,train
7128,train
7129,train
7130,train
7131,train
7132,train
7133,train
7134,train
7135,valid
7136,train
7137,test
7138,train
7139,test
7140,train
7141,train
7142,train
7143,train
7144,train
7145,train
7146,train
7147,train
7148,train
7149,train
7150,train
7151,valid
7152,train
7153,test
7154,train
7155,train
7156,train
7157,train
7158,train
7159,valid
7160,train
7161,train
7162,train
7163,train
7164,valid
7165,train
7166,train
7167,train
7168,train
7169,train
7170,train
7171,train
7172,train
7173,train
7174,train
7175,test
7176,test
7177,train
7178,train
7179,test
7180,train
7181,train
7182,train
7183,train
7184,train
7185,train
7186,train
7187,train
7188,train
7189,train
7190,train
7191,train
7192,test
7193,train
7194,train
7195,train
7196,train
7197,train
7198,valid
7199,test
7200,train
7201,train
7202,valid
7203,train
7204,train
7205,train
7206,train
7207,valid
7208,train
7209,train
7210,test
7211,train
7212,train
7213,test
7214,train
7215,train
7216,train
7217,train
7218,test
7219,train
7220,train
7221,test
7222,test
7223,train
7224,test
7225,valid
7226,train
7227,train
7228,train
7229,test
7230,train
7231,train
7232,train
7233,valid
7234,train
7235,train
7236,valid
7237,valid
7238,valid
7239,train
7240,train
7241,train
7242,test
7243,train
7244,train
7245,train
7246,train
7247,train
7248,train
7249,train
7250,test
7251,train
7252,test
7253,train
7254,train
7255,train
7256,test
7257,train
7258,train
7259,test
7260,train
7261,train
7262,test
7263,valid
7264,valid
7265,train
7266,train
7267,train
7268,test
7269,train
7270,train
7271,train
7272,valid
7273,train
7274,train
7275,valid
7276,train
7277,train
7278,test
7279,test
7280,train
7281,train
7282,train
7283,train
7284,valid
7285,train
7286,train
7287,train
7288,train
7289,train
7290,valid
7291,train
7292,train
7293,train
7294,test
7295,train
7296,train
7297,train
7298,train
7299,train
7300,train
7301,train
7302,test
7303,test
7304,test
7305,train
7306,test
7307,test
7308,valid
7309,train
7310,train
7311,train
7312,train
7313,train
7314,train
7315,train
7316,train
7317,train
7318,test
7319,test
7320,train
7321,train
7322,train
7323,train
7324,train
7325,train
7326,test
7327,valid
7328,valid
7329,train
7330,train
7331,test
7332,train
7333,train
7334,train
7335,train
7336,test
7337,train
7338,test
7339,train
7340,test
7341,train
7342,test
7343,train
7344,train
7345,train
7346,train
7347,test
7348,train
7349,test
7350,train
7351,train
7352,train
7353,train
7354,test
7355,train
7356,train
7357,train
7358,train
7359,train
7360,train
7361,train
7362,train
7363,train
7364,test
7365,test
7366,train
7367,train
7368,train
7369,train
7370,train
7371,valid
7372,train
7373,valid
7374,train
7375,valid
7376,test
7377,train
7378,valid
7379,train
7380,valid
7381,train
7382,train
7383,train
7384,train
7385,valid
7386,train
7387,train
7388,train
7389,test
7390,train
7391,train
7392,train
7393,train
7394,train
7395,train
7396,test
7397,train
7398,test
7399,train
7400,train
7401,train
7402,train
7403,train
7404,test
7405,train
7406,test
7407,train
7408,train
7409,train
7410,valid
7411,train
7412,train
7413,train
7414,train
7415,train
7416,train
7417,train
7418,test
7419,train
7420,train
7421,train
7422,train
7423,train
7424,train
7425,train
7426,train
7427,train
7428,test
7429,test
7430,train
7431,train
7432,test
7433,train
7434,train
7435,train
7436,train
7437,train
7438,train
7439,test
7440,test
7441,train
7442,train
7443,test
7444,train
7445,valid
7446,test
7447,train
7448,train
7449,train
7450,test
7451,train
7452,test
7453,train
7454,train
7455,train
7456,train
7457,test
7458,train
7459,train
7460,train
7461,train
7462,train
7463,train
7464,train
7465,train
7466,valid
7467,train
7468,test
7469,test
7470,test
7471,train
7472,train
7473,test
7474,valid
7475,test
7476,test
7477,train
7478,test
7479,train
7480,train
7481,train
7482,test
7483,train
7484,train
7485,test
7486,train
7487,valid
7488,train
7489,test
7490,train
7491,train
7492,train
7493,train
7494,train
7495,train
7496,test
7497,train
7498,test
7499,valid
7500,test
7501,test
7502,train
7503,test
7504,test
7505,train
7506,test
7507,train
7508,valid
7509,test
7510,train
7511,train
7512,train
7513,train
7514,valid
7515,test
7516,test
7517,train
7518,train
7519,train
7520,train
7521,train
7522,train
7523,train
7524,train
7525,train
7526,train
7527,train
7528,train
7529,train
7530,train
7531,train
7532,train
7533,train
7534,train
7535,test
7536,train
7537,test
7538,valid
7539,train
7540,test
7541,valid
7542,valid
7543,test
7544,train
7545,train
7546,test
7547,train
7548,train
7549,train
7550,train
7551,train
7552,train
7553,valid
7554,test
7555,valid
7556,test
7557,train
7558,train
7559,test
7560,train
7561,train
7562,train
7563,train
7564,valid
7565,valid
7566,test
7567,train
7568,test
7569,valid
7570,test
7571,train
7572,test
7573,train
7574,test
7575,train
7576,train
7577,train
7578,train
7579,train
7580,test
7581,train
7582,test
7583,test
7584,train
7585,train
7586,test
7587,train
7588,valid
7589,train
7590,train
7591,train
7592,train
7593,train
7594,train
7595,test
7596,valid
7597,train
7598,train
7599,train
7600,valid
7601,test
7602,train
7603,test
7604,valid
7605,train
7606,train
7607,test
7608,train
7609,train
7610,train
7611,train
7612,train
7613,train
7614,train
7615,train
7616,train
7617,train
7618,train
7619,train
7620,train
7621,train
7622,train
7623,train
7624,train
7625,train
7626,train
7627,train
7628,test
7629,test
7630,train
7631,train
7632,train
7633,train
7634,train
7635,train
7636,train
7637,train
7638,train
7639,train
7640,train
7641,train
7642,train
7643,valid
7644,train
7645,train
7646,train
7647,valid
7648,test
7649,train
7650,train
7651,test
7652,train
7653,train
7654,test
7655,train
7656,train
7657,train
7658,valid
7659,train
7660,train
7661,train
7662,valid
7663,train
7664,test
7665,train
7666,test
7667,train
7668,test
7669,test
7670,train
7671,train
7672,test
7673,test
7674,train
7675,train
7676,train
7677,train
7678,train
7679,train
7680,valid
7681,train
7682,train
7683,test
7684,train
7685,train
7686,train
7687,train
7688,train
7689,train
7690,train
7691,test
7692,train
7693,train
7694,valid
7695,train
7696,train
7697,train
7698,train
7699,test
7700,valid
7701,valid
7702,train
7703,train
7704,train
7705,train
7706,train
7707,train
7708,train
7709,test
7710,train
7711,train
7712,train
7713,train
7714,test
7715,train
7716,train
7717,train
7718,train
7719,train
7720,train
7721,train
7722,valid
7723,test
7724,train
7725,test
7726,test
7727,train
7728,train
7729,valid
7730,test
7731,train
7732,test
7733,train
7734,train
7735,valid
7736,train
7737,train
7738,train
7739,valid
7740,train
7741,train
7742,train
7743,train
7744,test
7745,train
7746,test
7747,train
7748,test
7749,test
7750,train
7751,train
7752,train
7753,train
7754,test
7755,train
7756,test
7757,train
7758,test
7759,valid
7760,test
7761,valid
7762,valid
7763,train
7764,train
7765,train
7766,train
7767,train
7768,test
7769,test
7770,train
7771,train
7772,train
7773,valid
7774,train
7775,train
7776,valid
7777,train
7778,valid
7779,train
7780,test
7781,test
7782,test
7783,train
7784,train
7785,train
7786,test
7787,train
7788,valid
7789,train
7790,train
7791,test
7792,train
7793,test
7794,test
7795,train
7796,train
7797,train
7798,train
7799,train
7800,test
7801,test
7802,test
7803,train
7804,train
7805,train
7806,train
7807,train
7808,train
7809,train
7810,test
7811,train
7812,train
7813,train
7814,train
7815,train
7816,train
7817,train
7818,train
7819,train
7820,valid
7821,train
7822,test
7823,train
7824,train
7825,train
7826,valid
7827,train
7828,test
7829,test
7830,train
7831,train
7832,train
7833,train
7834,train
7835,train
7836,train
7837,train
7838,train
7839,train
7840,test
7841,test
7842,train
7843,test
7844,train
7845,valid
7846,train
7847,train
7848,valid
7849,valid
7850,train
7851,train
7852,train
7853,train
7854,train
7855,train
7856,train
7857,train
7858,train
7859,train
7860,train
7861,train
7862,train
7863,valid
7864,train
7865,train
7866,train
7867,train
7868,train
7869,train
7870,train
7871,train
7872,valid
7873,train
7874,train
7875,train
7876,train
7877,train
7878,train
7879,train
7880,train
7881,test
7882,train
7883,test
7884,train
7885,train
7886,test
7887,test
7888,train
7889,test
7890,test
7891,train
7892,train
7893,train
7894,test
7895,valid
7896,train
7897,train
7898,train
7899,test
7900,train
7901,train
7902,train
7903,train
7904,valid
7905,train
7906,train
7907,train
7908,train
7909,test
7910,train
7911,train
7912,train
7913,train
7914,train
7915,train
7916,train
7917,train
7918,test
7919,test
7920,train
7921,valid
7922,train
7923,test
7924,test
7925,test
7926,train
7927,valid
7928,train
7929,train
7930,train
7931,train
7932,train
7933,test
7934,train
7935,test
7936,train
7937,test
7938,train
7939,train
7940,train
7941,train
7942,train
7943,train
7944,train
7945,train
7946,train
7947,train
7948,train
7949,train
7950,test
7951,train
7952,train
7953,train
7954,train
7955,train
7956,test
7957,train
7958,train
7959,train
7960,train
7961,train
7962,train
7963,train
7964,train
7965,test
7966,train
7967,train
7968,valid
7969,train
7970,test
7971,train
7972,train
7973,train
7974,train
7975,test
7976,train
7977,valid
7978,train
7979,test
7980,train
7981,train
7982,train
7983,train
7984,train
7985,train
7986,valid
7987,test
7988,train
7989,train
7990,train
7991,train
7992,train
7993,train
7994,train
7995,valid
7996,train
7997,train
7998,test
7999,test
8000,train
8001,valid
8002,train
8003,valid
8004,valid
8005,train
8006,test
8007,train
8008,train
8009,train
8010,valid
8011,test
8012,train
8013,train
8014,train
8015,train
8016,train
8017,train
8018,train
8019,train
8020,train
8021,test
8022,train
8023,train
8024,test
8025,train
8026,train
8027,train
8028,train
8029,train
8030,test
8031,test
8032,train
8033,train
8034,train
8035,train
8036,valid
8037,train
8038,test
8039,train
8040,train
8041,train
8042,valid
8043,test
8044,train
8045,train
8046,train
8047,train
8048,test
8049,test
8050,train
8051,train
8052,test
8053,train
8054,train
8055,valid
8056,train
8057,train
8058,test
8059,train
8060,train
8061,train
8062,train
8063,train
8064,train
8065,train
8066,train
8067,train
8068,train
8069,train
8070,train
8071,train
8072,valid
8073,test
8074,train
8075,valid
8076,valid
8077,train
8078,train
8079,valid
8080,train
8081,train
8082,train
8083,test
8084,train
8085,train
8086,train
8087,train
8088,test
8089,train
8090,train
8091,train
8092,test
8093,train
8094,train
8095,test
8096,train
8097,train
8098,train
8099,train
8100,valid
8101,train
8102,valid
8103,train
8104,train
8105,train
8106,test
8107,train
8108,train
8109,train
8110,train
8111,train
8112,train
8113,train
8114,train
8115,train
8116,train
8117,valid
8118,valid
8119,train
8120,test
8121,train
8122,test
8123,train
8124,train
8125,test
8126,train
8127,train
8128,train
8129,train
8130,train
8131,train
8132,valid
8133,test
8134,train
8135,train
8136,train
8137,test
8138,test
8139,train
8140,test
8141,train
8142,test
8143,train
8144,train
8145,train
8146,test
8147,valid
8148,test
8149,train
8150,train
8151,train
8152,test
8153,train
8154,test
8155,train
8156,valid
8157,test
8158,test
8159,test
8160,train
8161,train
8162,train
8163,train
8164,train
8165,test
8166,train
8167,train
8168,train
8169,train
8170,train
8171,test
8172,train
8173,train
8174,valid
8175,train
8176,train
8177,train
8178,valid
8179,train
8180,train
8181,test
8182,train
8183,train
8184,train
8185,test
8186,train
8187,train
8188,train
8189,test
8190,train
8191,train
8192,train
8193,train
8194,test
8195,test
8196,train
8197,test
8198,test
8199,train
8200,train
8201,train
8202,train
8203,train
8204,test
8205,valid
8206,train
8207,test
8208,train
8209,train
8210,train
8211,train
8212,test
8213,valid
8214,test
8215,train
8216,train
8217,train
8218,train
8219,test
8220,train
8221,valid
8222,train
8223,train
8224,valid
8225,train
8226,train
8227,train
8228,train
8229,valid
8230,train
8231,train
8232,test
8233,train
8234,train
8235,train
8236,train
8237,valid
8238,train
8239,test
8240,train
8241,test
8242,test
8243,test
8244,train
8245,train
8246,valid
8247,train
8248,train
8249,test
8250,train
8251,train
8252,train
8253,train
8254,train
8255,train
8256,test
8257,test
8258,train
8259,train
8260,train
8261,train
8262,train
8263,train
8264,train
8265,valid
8266,train
8267,train
8268,test
8269,train
8270,train
8271,test
8272,train
8273,train
8274,train
8275,test
8276,train
8277,train
8278,train
8279,train
8280,train
8281,train
8282,test
8283,test
8284,train
8285,train
8286,train
8287,train
8288,train
8289,train
8290,train
8291,valid
8292,train
8293,test
8294,test
8295,train
8296,test
8297,train
8298,train
8299,train
8300,train
8301,test
8302,train
8303,train
8304,train
8305,test
8306,train
8307,valid
8308,train
8309,train
8310,test
8311,valid
8312,train
8313,train
8314,train
8315,train
8316,train
8317,test
8318,train
8319,test
8320,test
8321,train
8322,train
8323,valid
8324,train
8325,train
8326,train
8327,train
8328,valid
8329,valid
8330,train
8331,train
8332,train
8333,test
8334,train
8335,train
8336,train
8337,train
8338,test
8339,train
8340,valid
8341,test
8342,test
8343,train
8344,valid
8345,test
8346,test
8347,train
8348,train
8349,test
8350,valid
8351,train
8352,test
8353,train
8354,train
8355,test
8356,test
8357,train
8358,train
8359,test
8360,valid
8361,train
8362,valid
8363,test
8364,train
8365,test
8366,train
8367,valid
8368,train
8369,valid
8370,valid
8371,test
8372,train
8373,test
8374,test
8375,test
8376,test
8377,train
8378,test
8379,train
8380,train
8381,train
8382,valid
8383,train
8384,train
8385,valid
8386,train
8387,train
8388,test
8389,train
8390,train
8391,test
8392,train
8393,train
8394,test
8395,test
8396,train
8397,train
8398,train
8399,test
8400,valid
8401,valid
8402,train
8403,train
8404,train
8405,valid
8406,train
8407,train
8408,test
8409,train
8410,test
8411,train
8412,train
8413,train
8414,test
8415,train
8416,train
8417,test
8418,train
8419,train
8420,train
8421,train
8422,train
8423,train
8424,train
8425,train
8426,train
8427,test
8428,train
8429,train
8430,valid
8431,train
8432,train
8433,valid
8434,train
8435,train
8436,train
8437,valid
8438,train
8439,valid
8440,test
8441,test
8442,train
8443,test
8444,train
8445,train
8446,train
8447,train
8448,test
8449,train
8450,train
8451,train
8452,train
8453,train
8454,train
8455,test
8456,train
8457,train
8458,train
8459,train
8460,test
8461,test
8462,train
8463,train
8464,train
8465,train
8466,valid
8467,test
8468,train
8469,train
8470,train
8471,test
8472,train
8473,train
8474,train
8475,train
8476,train
8477,train
8478,train
8479,test
8480,train
8481,test
8482,train
8483,train
8484,train
8485,train
8486,test
8487,train
8488,test
8489,train
8490,test
8491,train
8492,train
8493,test
8494,train
8495,test
8496,train
8497,train
8498,train
8499,train
8500,train
8501,train
8502,train
8503,train
8504,train
8505,test
8506,train
8507,train
8508,train
8509,train
8510,train
8511,train
8512,train
8513,train
8514,test
8515,train
8516,train
8517,test
8518,test
8519,test
8520,train
8521,train
8522,train
8523,train
8524,train
8525,valid
8526,test
8527,train
8528,train
8529,test
8530,train
8531,train
8532,train
8533,valid
8534,train
8535,train
8536,train
8537,train
8538,valid
8539,test
8540,train
8541,train
8542,train
8543,train
8544,train
8545,test
8546,train
8547,valid
8548,train
8549,valid
8550,train
8551,valid
8552,valid
8553,test
8554,train
8555,train
8556,train
8557,train
8558,test
8559,train
8560,train
8561,train
8562,test
8563,train
8564,train
8565,train
8566,train
8567,train
8568,train
8569,train
8570,train
8571,test
8572,valid
8573,valid
8574,valid
8575,train
8576,test
8577,train
8578,train
8579,train
8580,valid
8581,valid
8582,train
8583,train
8584,train
8585,train
8586,valid
8587,train
8588,train
8589,valid
8590,test
8591,valid
8592,test
8593,train
8594,train
8595,train
8596,train
8597,test
8598,train
8599,train
8600,valid
8601,train
8602,train
8603,test
8604,train
8605,test
8606,train
8607,valid
8608,train
8609,train
8610,train
8611,test
8612,valid
8613,train
8614,train
8615,valid
8616,test
8617,test
8618,test
8619,train
8620,train
8621,train
8622,train
8623,test
8624,train
8625,train
8626,train
8627,train
8628,train
8629,valid
8630,test
8631,train
8632,train
8633,train
8634,valid
8635,test
8636,valid
8637,train
8638,train
8639,train
8640,valid
8641,train
8642,train
8643,train
8644,test
8645,train
8646,train
8647,train
8648,test
8649,train
8650,test
8651,test
8652,test
8653,train
8654,train
8655,train
8656,train
8657,valid
8658,train
8659,valid
8660,valid
8661,valid
8662,train
8663,train
8664,test
8665,train
8666,train
8667,train
8668,train
8669,train
8670,train
8671,test
8672,train
8673,test
8674,test
8675,test
8676,valid
8677,train
8678,valid
8679,train
8680,train
8681,train
8682,valid
8683,valid
8684,valid
8685,train
8686,train
8687,test
8688,test
8689,train
8690,train
8691,train
8692,train
8693,test
8694,train
8695,train
8696,train
8697,test
8698,train
8699,train
8700,train
8701,valid
8702,train
8703,train
8704,train
8705,test
8706,train
8707,train
8708,train
8709,train
8710,train
8711,test
8712,valid
8713,train
8714,test
8715,train
8716,train
8717,train
8718,train
8719,train
8720,train
8721,train
8722,test
8723,valid
8724,train
8725,train
8726,train
8727,test
8728,valid
8729,train
8730,train
8731,train
8732,train
8733,train
8734,train
8735,train
8736,train
8737,train
8738,train
8739,train
8740,test
8741,train
8742,train
8743,test
8744,test
8745,train
8746,train
8747,valid
8748,train
8749,train
8750,train
8751,valid
8752,train
8753,train
8754,train
8755,train
8756,train
8757,train
8758,test
8759,train
8760,train
8761,train
8762,test
8763,train
8764,test
8765,train
8766,test
8767,valid
8768,train
8769,train
8770,test
8771,train
8772,train
8773,train
8774,train
8775,train
8776,train
8777,train
8778,train
8779,train
8780,test
8781,train
8782,train
8783,valid
8784,train
8785,train
8786,train
8787,test
8788,train
8789,train
8790,train
8791,train
8792,train
8793,train
8794,train
8795,train
8796,train
8797,valid
8798,valid
8799,valid
8800,train
8801,train
8802,train
8803,train
8804,train
8805,train
8806,train
8807,train
8808,train
8809,train
8810,train
8811,train
8812,train
8813,train
8814,train
8815,train
8816,test
8817,train
8818,train
8819,train
8820,test
8821,train
8822,test
8823,train
8824,train
8825,test
8826,valid
8827,train
8828,train
8829,train
8830,train
8831,train
8832,train
8833,train
8834,train
8835,train
8836,test
8837,train
8838,train
8839,train
8840,train
8841,train
8842,train
8843,train
8844,valid
8845,train
8846,valid
8847,train
8848,train
8849,valid
8850,train
8851,train
8852,train
8853,train
8854,train
8855,train
8856,train
8857,test
8858,test
8859,train
8860,train
8861,train
8862,train
8863,test
8864,test
8865,train
8866,train
8867,test
8868,test
8869,train
8870,train
8871,test
8872,test
8873,train
8874,train
8875,train
8876,train
8877,train
8878,train
8879,train
8880,test
8881,test
8882,train
8883,valid
8884,train
8885,train
8886,train
8887,test
8888,train
8889,train
8890,test
8891,test
8892,train
8893,test
8894,train
8895,valid
8896,test
8897,train
8898,train
8899,train
8900,train
8901,train
8902,valid
8903,test
8904,train
8905,test
8906,train
8907,train
8908,train
8909,test
8910,train
8911,test
8912,train
8913,train
8914,valid
8915,test
8916,train
8917,train
8918,train
8919,train
8920,test
8921,train
8922,train
8923,test
8924,train
8925,train
8926,test
8927,train
8928,train
8929,train
8930,test
8931,train
8932,test
8933,test
8934,valid
8935,train
8936,train
8937,train
8938,train
8939,train
8940,train
8941,train
8942,train
8943,train
8944,train
8945,test
8946,train
8947,train
8948,train
8949,train
8950,train
8951,train
8952,train
8953,train
8954,train
8955,valid
8956,train
8957,train
8958,train
8959,test
8960,train
8961,train
8962,valid
8963,train
8964,train
8965,train
8966,train
8967,test
8968,train
8969,train
8970,test
8971,train
8972,test
8973,test
8974,train
8975,train
8976,train
8977,test
8978,train
8979,test
8980,test
8981,train
8982,train
8983,train
8984,train
8985,train
8986,train
8987,train
8988,train
8989,train
8990,train
8991,train
8992,valid
8993,test
8994,train
8995,train
8996,valid
8997,train
8998,train
8999,train
9000,test
9001,test
9002,train
9003,train
9004,test
9005,train
9006,train
9007,test
9008,train
9009,train
9010,train
9011,train
9012,train
9013,train
9014,train
9015,test
9016,train
9017,valid
9018,valid
9019,train
9020,valid
9021,test
9022,train
9023,test
9024,train
9025,train
9026,train
9027,train
9028,test
9029,train
9030,train
9031,train
9032,train
9033,train
9034,train
9035,train
9036,train
9037,train
9038,train
9039,train
9040,train
9041,train
9042,train
9043,train
9044,train
9045,test
9046,train
9047,train
9048,train
9049,test
9050,train
9051,train
9052,test
9053,train
9054,train
9055,train
9056,train
9057,test
9058,train
9059,test
9060,train
9061,valid
9062,test
9063,train
9064,train
9065,train
9066,train
9067,train
9068,train
9069,train
9070,train
9071,train
9072,test
9073,test
9074,test
9075,train
9076,valid
9077,train
9078,train
9079,valid
9080,train
9081,train
9082,train
9083,train
9084,train
9085,train
9086,train
9087,test
9088,valid
9089,train
9090,test
9091,test
9092,test
9093,train
9094,test
9095,train
9096,train
9097,train
9098,train
9099,train
9100,test
9101,test
9102,train
9103,train
9104,train
9105,train
9106,valid
9107,train
9108,train
9109,valid
9110,train
9111,train
9112,train
9113,train
9114,train
9115,train
9116,train
9117,test
9118,valid
9119,train
9120,valid
9121,valid
9122,valid
9123,train
9124,train
9125,test
9126,test
9127,train
9128,train
9129,train
9130,train
9131,train
9132,train
9133,train
9134,valid
9135,train
9136,valid
9137,valid
9138,train
9139,test
9140,train
9141,train
9142,train
9143,train
9144,train
9145,test
9146,train
9147,train
9148,test
9149,train
9150,test
9151,train
9152,train
9153,test
9154,test
9155,test
9156,valid
9157,train
9158,train
9159,train
9160,train
9161,train
9162,test
9163,train
9164,test
9165,train
9166,train
9167,valid
9168,train
9169,train
9170,test
9171,train
9172,train
9173,test
9174,train
9175,train
9176,valid
9177,train
9178,train
9179,train
9180,train
9181,train
9182,train
9183,valid
9184,train
9185,train
9186,train
9187,train
9188,train
9189,test
9190,test
9191,train
9192,train
9193,test
9194,train
9195,test
9196,train
9197,valid
9198,train
9199,train
9200,test
9201,train
9202,train
9203,test
9204,train
9205,train
9206,train
9207,train
9208,train
9209,train
9210,test
9211,test
9212,train
9213,test
9214,valid
9215,test
9216,train
9217,train
9218,train
9219,train
9220,train
9221,train
9222,train
9223,train
9224,train
9225,train
9226,train
9227,train
9228,train
9229,train
9230,train
9231,train
9232,train
9233,train
9234,test
9235,train
9236,train
9237,train
9238,train
9239,train
9240,train
9241,test
9242,train
9243,test
9244,train
9245,train
9246,train
9247,test
9248,train
9249,test
9250,valid
9251,test
9252,train
9253,test
9254,test
9255,test
9256,train
9257,train
9258,train
9259,train
9260,train
9261,train
9262,train
9263,train
9264,train
9265,train
9266,train
9267,test
9268,test
9269,train
9270,train
9271,train
9272,train
9273,train
9274,test
9275,train
9276,train
9277,train
9278,train
9279,valid
9280,valid
9281,train
9282,train
9283,train
9284,train
9285,train
9286,test
9287,train
9288,test
9289,train
9290,train
9291,train
9292,test
9293,train
9294,test
9295,valid
9296,test
9297,test
9298,train
9299,test
9300,test
9301,test
9302,train
9303,train
9304,train
9305,train
9306,train
9307,train
9308,train
9309,train
9310,test
9311,train
9312,train
9313,valid
9314,train
9315,train
9316,test
9317,train
9318,train
9319,train
9320,train
9321,test
9322,valid
9323,train
9324,train
9325,train
9326,train
9327,train
9328,train
9329,test
9330,test
9331,train
9332,valid
9333,train
9334,valid
9335,test
9336,train
9337,train
9338,train
9339,train
9340,train
9341,train
9342,train
9343,train
9344,valid
9345,train
9346,train
9347,train
9348,train
9349,train
9350,train
9351,test
9352,train
9353,train
9354,valid
9355,train
9356,train
9357,train
9358,train
9359,test
9360,train
9361,train
9362,train
9363,test
9364,test
9365,train
9366,valid
9367,test
9368,train
9369,train
9370,train
9371,train
9372,train
9373,train
9374,valid
9375,valid
9376,train
9377,train
9378,train
9379,train
9380,train
9381,test
9382,train
9383,train
9384,train
9385,test
9386,train
9387,valid
9388,train
9389,valid
9390,train
9391,test
9392,test
9393,train
9394,train
9395,train
9396,train
9397,test
9398,train
9399,train
9400,train
9401,train
9402,test
9403,valid
9404,test
9405,train
9406,train
9407,test
9408,train
9409,train
9410,train
9411,train
9412,train
9413,train
9414,train
9415,test
9416,train
9417,valid
9418,valid
9419,train
9420,train
9421,train
9422,train
9423,valid
9424,test
9425,train
9426,train
9427,train
9428,test
9429,train
9430,valid
9431,train
9432,train
9433,train
9434,train
9435,test
9436,train
9437,valid
9438,train
9439,train
9440,train
9441,test
9442,test
9443,train
9444,train
9445,train
9446,train
9447,train
9448,train
9449,valid
9450,train
9451,train
9452,train
9453,valid
9454,test
9455,valid
9456,valid
9457,train
9458,valid
9459,train
9460,train
9461,train
9462,train
9463,train
9464,train
9465,train
9466,train
9467,train
9468,train
9469,train
9470,train
9471,valid
9472,train
9473,train
9474,test
9475,train
9476,train
9477,valid
9478,train
9479,valid
9480,train
9481,test
9482,train
9483,test
9484,train
9485,train
9486,test
9487,train
9488,train
9489,train
9490,test
9491,train
9492,train
9493,train
9494,train
9495,train
9496,train
9497,train
9498,valid
9499,train
9500,valid
9501,test
9502,train
9503,test
9504,train
9505,train
9506,train
9507,valid
9508,test
9509,train
9510,train
9511,train
9512,train
9513,train
9514,train
9515,train
9516,train
9517,train
9518,test
9519,train
9520,train
9521,test
9522,train
9523,train
9524,train
9525,train
9526,train
9527,test
9528,train
9529,train
9530,train
9531,test
9532,train
9533,test
9534,train
9535,test
9536,train
9537,test
9538,train
9539,test
9540,train
9541,train
9542,valid
9543,test
9544,train
9545,train
9546,train
9547,train
9548,train
9549,train
9550,valid
9551,valid
9552,train
9553,train
9554,train
9555,train
9556,test
9557,train
9558,train
9559,train
9560,valid
9561,valid
9562,test
9563,train
9564,test
9565,test
9566,test
9567,train
9568,test
9569,test
9570,train
9571,train
9572,test
9573,train
9574,test
9575,train
9576,test
9577,train
9578,train
9579,valid
9580,train
9581,train
9582,train
9583,train
9584,train
9585,valid
9586,test
9587,train
9588,train
9589,train
9590,train
9591,train
9592,train
9593,train
9594,test
9595,train
9596,train
9597,train
9598,train
9599,test
9600,train
9601,train
9602,train
9603,train
9604,train
9605,train
9606,train
9607,test
9608,test
9609,train
9610,train
9611,train
9612,train
9613,train
9614,train
9615,test
9616,train
9617,train
9618,valid
9619,train
9620,test
9621,test
9622,test
9623,train
9624,train
9625,train
9626,test
9627,test
9628,train
9629,train
9630,test
9631,train
9632,valid
9633,test
9634,train
9635,train
9636,train
9637,train
9638,train
9639,valid
9640,train
9641,test
9642,train
9643,test
9644,train
9645,test
9646,train
9647,test
9648,valid
9649,test
9650,train
9651,valid
9652,train
9653,valid
9654,test
9655,train
9656,train
9657,train
9658,train
9659,train
9660,train
9661,train
9662,valid
9663,train
9664,valid
9665,train
9666,valid
9667,train
9668,train
9669,test
9670,train
9671,train
9672,valid
9673,train
9674,train
9675,test
9676,train
9677,test
9678,train
9679,train
9680,train
9681,valid
9682,test
9683,train
9684,train
9685,train
9686,test
9687,train
9688,test
9689,test
9690,train
9691,valid
9692,train
9693,valid
9694,test
9695,train
9696,train
9697,train
9698,valid
9699,train
9700,train
9701,train
9702,train
9703,train
9704,valid
9705,test
9706,train
9707,train
9708,train
9709,train
9710,train
9711,train
9712,train
9713,train
9714,train
9715,train
9716,train
9717,train
9718,train
9719,train
9720,train
9721,train
9722,train
9723,test
9724,valid
9725,train
9726,train
9727,train
9728,train
9729,test
9730,train
9731,train
9732,train
9733,train
9734,train
9735,train
9736,valid
9737,test
9738,valid
9739,valid
9740,train
9741,train
9742,train
9743,train
9744,valid
9745,valid
9746,valid
9747,train
9748,train
9749,train
9750,train
9751,test
9752,valid
9753,train
9754,valid
9755,train
9756,train
9757,train
9758,train
9759,train
9760,train
9761,train
9762,train
9763,train
9764,train
9765,train
9766,train
9767,train
9768,train
9769,train
9770,train
9771,train
9772,test
9773,train
9774,test
9775,train
9776,train
9777,train
9778,train
9779,train
9780,train
9781,train
9782,valid
9783,train
9784,train
9785,train
9786,train
9787,train
9788,test
9789,train
9790,train
9791,train
9792,test
9793,train
9794,train
9795,train
9796,train
9797,test
9798,train
9799,train
9800,train
9801,train
9802,test
9803,train
9804,train
9805,train
9806,train
9807,train
9808,test
9809,train
9810,train
9811,valid
9812,train
9813,train
9814,valid
9815,train
9816,train
9817,train
9818,train
9819,train
9820,train
9821,train
9822,train
9823,test
9824,train
9825,train
9826,train
9827,train
9828,train
9829,train
9830,train
9831,valid
9832,train
9833,train
9834,train
9835,train
9836,valid
9837,train
9838,valid
9839,test
9840,valid
9841,valid
9842,test
9843,test
9844,train
9845,train
9846,test
9847,train
9848,train
9849,valid
9850,test
9851,train
9852,train
9853,train
9854,train
9855,train
9856,train
9857,train
9858,test
9859,train
9860,train
9861,train
9862,train
9863,train
9864,train
9865,train
9866,train
9867,train
9868,valid
9869,train
9870,train
9871,valid
9872,valid
9873,test
9874,train
9875,train
9876,test
9877,train
9878,train
9879,train
9880,train
9881,test
9882,train
9883,train
9884,train
9885,train
9886,train
9887,train
9888,test
9889,train
9890,test
9891,train
9892,train
9893,test
9894,train
9895,train
9896,valid
9897,train
9898,test
9899,test
9900,valid
9901,train
9902,valid
9903,test
9904,train
9905,test
9906,test
9907,valid
9908,valid
9909,train
9910,train
9911,train
9912,train
9913,train
9914,test
9915,train
9916,train
9917,train
9918,train
9919,test
9920,train
9921,test
9922,valid
9923,valid
9924,train
9925,train
9926,train
9927,train
9928,train
9929,test
9930,test
9931,valid
9932,train
9933,test
9934,train
9935,valid
9936,train
9937,test
9938,train
9939,train
9940,test
9941,train
9942,train
9943,train
9944,train
9945,train
9946,train
9947,test
9948,train
9949,test
9950,train
9951,train
9952,train
9953,test
9954,train
9955,train
9956,valid
9957,train
9958,train
9959,train
9960,train
9961,test
9962,test
9963,train
9964,train
9965,train
9966,train
9967,train
9968,train
9969,train
9970,train
9971,train
9972,test
9973,train
9974,train
9975,train
9976,train
9977,test
9978,train
9979,train
9980,train
9981,train
9982,train
9983,train
9984,train
9985,train
9986,train
9987,train
9988,test
9989,train
9990,test
9991,train
9992,train
9993,test
9994,train
9995,train
9996,train
9997,valid
9998,train
9999,valid
10000,test
10001,train
10002,train
10003,train
10004,train
10005,train
10006,train
10007,train
10008,valid
10009,valid
10010,train
10011,train
10012,train
10013,test
10014,train
10015,train
10016,train
10017,train
10018,train
10019,test
10020,test
10021,train
10022,valid
10023,train
10024,test
10025,train
10026,train
10027,test
10028,train
10029,valid
10030,train
10031,test
10032,train
10033,train
10034,train
10035,valid
10036,test
10037,test
10038,train
10039,train
10040,valid
10041,train
10042,train
10043,train
10044,train
10045,train
10046,train
10047,train
10048,train
10049,train
10050,train
10051,train
10052,valid
10053,train
10054,train
10055,train
10056,valid
10057,valid
10058,train
10059,train
10060,test
10061,train
10062,train
10063,train
10064,test
10065,train
10066,valid
10067,train
10068,train
10069,valid
10070,train
10071,train
10072,train
10073,train
10074,train
10075,train
10076,test
10077,train
10078,train
10079,test
10080,train
10081,train
10082,train
10083,train
10084,test
10085,valid
10086,train
10087,train
10088,train
10089,train
10090,train
10091,test
10092,train
10093,test
10094,train
10095,test
10096,train
10097,train
10098,train
10099,test
10100,test
10101,train
10102,valid
10103,train
10104,train
10105,train
10106,train
10107,valid
10108,train
10109,valid
10110,train
10111,train
10112,train
10113,valid
10114,train
10115,train
10116,train
10117,valid
10118,train
10119,train
10120,train
10121,train
10122,train
10123,train
10124,valid
10125,test
10126,train
10127,train
10128,test
10129,test
10130,valid
10131,test
10132,train
10133,train
10134,train
10135,test
10136,train
10137,valid
10138,train
10139,test
10140,valid
10141,train
10142,train
10143,train
10144,train
10145,train
10146,train
10147,train
10148,train
10149,train
10150,train
10151,valid
10152,train
10153,test
10154,train
10155,train
10156,valid
10157,train
10158,train
10159,valid
10160,train
10161,train
10162,valid
10163,train
10164,valid
10165,train
10166,valid
10167,test
10168,train
10169,train
10170,train
10171,train
10172,train
10173,valid
10174,train
10175,train
10176,test
10177,train
10178,train
10179,train
10180,train
10181,valid
10182,valid
10183,test
10184,train
10185,train
10186,train
10187,train
10188,train
10189,train
10190,train
10191,train
10192,test
10193,test
10194,valid
10195,train
10196,train
10197,train
10198,train
10199,train
10200,valid
10201,train
10202,train
10203,train
10204,test
10205,train
10206,test
10207,test
10208,train
10209,train
10210,valid
10211,test
10212,train
10213,test
10214,train
10215,train
10216,train
10217,train
10218,valid
10219,train
10220,valid
10221,train
10222,valid
10223,train
10224,train
10225,test
10226,train
10227,test
10228,test
10229,train
10230,train
10231,valid
10232,test
10233,train
10234,train
10235,train
10236,test
10237,train
10238,train
10239,train
10240,train
10241,train
10242,test
10243,test
10244,train
10245,test
10246,valid
10247,train
10248,train
10249,train
10250,train
10251,train
10252,train
10253,train
10254,train
10255,train
10256,train
10257,test
10258,train
10259,train
10260,train
10261,test
10262,test
10263,train
10264,train
10265,train
10266,train
10267,train
10268,train
10269,train
10270,test
10271,train
10272,train
10273,test
10274,train
10275,train
10276,train
10277,test
10278,train
10279,train
10280,train
10281,train
10282,train
10283,test
10284,train
10285,train
10286,test
10287,train
10288,train
10289,train
10290,train
10291,train
10292,valid
10293,train
10294,train
10295,train
10296,valid
10297,valid
10298,test
10299,train
10300,train
10301,test
10302,train
10303,train
10304,train
10305,train
10306,test
10307,train
10308,train
10309,train
10310,train
10311,train
10312,valid
10313,train
10314,train
10315,train
10316,train
10317,test
10318,train
10319,train
10320,train
10321,train
10322,train
10323,train
10324,train
10325,test
10326,valid
10327,train
10328,train
10329,test
10330,train
10331,train
10332,valid
10333,train
10334,test
10335,train
10336,train
10337,train
10338,test
10339,train
10340,train
10341,valid
10342,train
10343,test
10344,train
10345,valid
10346,train
10347,train
10348,train
10349,valid
10350,valid
10351,train
10352,test
10353,test
10354,test
10355,test
10356,train
10357,test
10358,train
10359,valid
10360,test
10361,train
10362,valid
10363,train
10364,train
10365,train
10366,test
10367,valid
10368,train
10369,train
10370,test
10371,test
10372,train
10373,train
10374,train
10375,train
10376,train
10377,test
10378,train
10379,valid
10380,train
10381,train
10382,test
10383,train
10384,train
10385,train
10386,train
10387,train
10388,valid
10389,train
10390,test
10391,train
10392,train
10393,test
10394,train
10395,train
10396,train
10397,train
10398,test
10399,test
10400,train
10401,train
10402,train
10403,train
10404,train
10405,train
10406,valid
10407,test
10408,train
10409,test
10410,train
10411,train
10412,train
10413,train
10414,test
10415,train
10416,train
10417,train
10418,train
10419,train
10420,train
10421,train
10422,test
10423,test
10424,train
10425,test
10426,valid
10427,train
10428,train
10429,test
10430,test
10431,train
10432,train
10433,train
10434,train
10435,valid
10436,train
10437,train
10438,train
10439,train
10440,train
10441,train
10442,train
10443,train
10444,train
10445,test
10446,test
10447,train
10448,train
10449,train
10450,train
10451,train
10452,train
10453,train
10454,train
10455,train
10456,train
10457,train
10458,train
10459,train
10460,test
10461,train
10462,train
10463,test
10464,test
10465,train
10466,test
10467,valid
10468,train
10469,train
10470,test
10471,train
10472,train
10473,train
10474,train
10475,valid
10476,test
10477,test
10478,valid
10479,train
10480,train
10481,train
10482,train
10483,train
10484,train
10485,valid
10486,train
10487,train
10488,train
10489,train
10490,train
10491,valid
10492,train
10493,train
10494,test
10495,train
10496,test
10497,test
10498,valid
10499,train
10500,train
10501,train
10502,test
10503,train
10504,train
10505,test
10506,train
10507,test
10508,train
10509,train
10510,test
10511,train
10512,test
10513,test
10514,train
10515,train
10516,test
10517,train
10518,train
10519,train
10520,test
10521,test
10522,train
10523,train
10524,train
10525,train
10526,test
10527,train
10528,train
10529,train
10530,train
10531,train
10532,train
10533,train
10534,test
10535,train
10536,train
10537,valid
10538,train
10539,train
10540,train
10541,test
10542,train
10543,train
10544,test
10545,train
10546,test
10547,train
10548,valid
10549,train
10550,test
10551,train
10552,valid
10553,valid
10554,train
10555,train
10556,train
10557,train
10558,train
10559,train
10560,train
10561,test
10562,train
10563,test
10564,train
10565,train
10566,train
10567,train
10568,valid
10569,train
10570,test
10571,train
10572,train
10573,train
10574,train
10575,test
10576,test
10577,train
10578,train
10579,valid
10580,train
10581,test
10582,test
10583,train
10584,train
10585,valid
10586,train
10587,train
10588,train
10589,train
10590,valid
10591,train
10592,valid
10593,train
10594,train
10595,train
10596,train
10597,train
10598,train
10599,test
10600,valid
10601,test
10602,train
10603,train
10604,train
10605,train
10606,valid
10607,train
10608,train
10609,test
10610,train
10611,train
10612,train
10613,train
10614,valid
10615,train
10616,train
10617,train
10618,train
10619,train
10620,valid
10621,train
10622,train
10623,train
10624,train
10625,test
10626,train
10627,train
10628,train
10629,test
10630,train
10631,test
10632,train
10633,train
10634,train
10635,train
10636,train
10637,train
10638,train
10639,train
10640,train
10641,valid
10642,train
10643,train
10644,train
10645,train
10646,train
10647,train
10648,train
10649,test
10650,train
10651,test
10652,train
10653,train
10654,train
10655,valid
10656,train
10657,test
10658,train
10659,train
10660,valid
10661,train
10662,train
10663,train
10664,train
10665,train
10666,valid
10667,train
10668,test
10669,train
10670,train
10671,test
10672,test
10673,train
10674,train
10675,train
10676,test
10677,test
10678,train
10679,train
10680,train
10681,train
10682,train
10683,train
10684,train
10685,train
10686,train
10687,train
10688,train
10689,test
10690,test
10691,test
10692,train
10693,train
10694,valid
10695,train
10696,train
10697,test
10698,test
10699,train
10700,train
10701,valid
10702,valid
10703,train
10704,train
10705,train
10706,train
10707,train
10708,valid
10709,train
10710,test
10711,train
10712,train
10713,train
10714,train
10715,test
10716,train
10717,train
10718,train
10719,test
10720,test
10721,train
10722,train
10723,test
10724,train
10725,train
10726,train
10727,train
10728,train
10729,train
10730,train
10731,train
10732,train
10733,valid
10734,train
10735,valid
10736,test
10737,train
10738,train
10739,valid
10740,valid
10741,train
10742,valid
10743,valid
10744,train
10745,train
10746,valid
10747,valid
10748,test
10749,valid
10750,valid
10751,valid
10752,train
10753,train
10754,train
10755,valid
10756,train
10757,train
10758,train
10759,train
10760,train
10761,valid
10762,train
10763,train
10764,train
10765,train
10766,test
10767,train
10768,train
10769,test
10770,train
10771,train
10772,train
10773,train
10774,train
10775,train
10776,train
10777,valid
10778,train
10779,train
10780,train
10781,train
10782,test
10783,train
10784,test
10785,train
10786,train
10787,train
10788,train
10789,test
10790,train
10791,test
10792,train
10793,valid
10794,train
10795,train
10796,valid
10797,valid
10798,train
10799,train
10800,train
10801,train
10802,train
10803,train
10804,train
10805,train
10806,train
10807,valid
10808,train
10809,train
10810,train
10811,valid
10812,train
10813,test
10814,train
10815,train
10816,train
10817,train
10818,train
10819,train
10820,train
10821,test
10822,train
10823,train
10824,test
10825,train
10826,train
10827,train
10828,test
10829,valid
10830,test
10831,valid
10832,valid
10833,train
10834,train
10835,train
10836,train
10837,train
10838,train
10839,train
10840,valid
10841,test
10842,train
10843,train
10844,test
10845,train
10846,train
10847,train
10848,train
10849,valid
10850,valid
10851,train
10852,train
10853,train
10854,train
10855,train
10856,valid
10857,train
10858,train
10859,train
10860,train
10861,train
10862,test
10863,train
10864,train
10865,train
10866,train
10867,train
10868,test
10869,train
10870,train
10871,train
10872,train
10873,valid
10874,train
10875,valid
10876,train
10877,valid
10878,train
10879,valid
10880,test
10881,train
10882,train
10883,train
10884,train
10885,test
10886,train
10887,train
10888,train
10889,valid
10890,train
10891,test
10892,train
10893,train
10894,valid
10895,train
10896,train
10897,train
10898,train
10899,valid
10900,test
10901,train
10902,train
10903,test
10904,train
10905,test
10906,train
10907,train
10908,train
10909,train
10910,train
10911,train
10912,test
10913,train
10914,train
10915,train
10916,train
10917,train
10918,test
10919,train
10920,test
10921,valid
10922,train
10923,train
10924,train
10925,train
10926,valid
10927,test
10928,train
10929,train
10930,train
10931,test
10932,train
10933,train
10934,train
10935,train
10936,test
10937,test
10938,train
10939,valid
10940,train
10941,train
10942,train
10943,train
10944,train
10945,test
10946,train
10947,train
10948,test
10949,train
10950,train
10951,test
10952,train
10953,train
10954,test
10955,train
10956,train
10957,train
10958,test
10959,test
10960,train
10961,train
10962,train
10963,train
10964,valid
10965,train
10966,train
10967,train
10968,train
10969,train
10970,test
10971,train
10972,train
10973,valid
10974,train
10975,train
10976,train
10977,train
10978,valid
10979,train
10980,train
10981,train
10982,test
10983,test
10984,train
10985,test
10986,train
10987,train
10988,train
10989,train
10990,valid
10991,test
10992,train
10993,valid
10994,train
10995,test
10996,train
10997,train
10998,train
10999,train
11000,train
11001,train
11002,train
11003,train
11004,train
11005,test
11006,valid
11007,train
11008,train
11009,train
11010,train
11011,test
11012,test
11013,test
11014,train
11015,train
11016,test
11017,train
11018,train
11019,train
11020,train
11021,train
11022,test
11023,train
11024,train
11025,train
11026,train
11027,train
11028,valid
11029,train
11030,test
11031,train
11032,test
11033,train
11034,train
11035,train
11036,train
11037,train
11038,valid
11039,train
11040,train
11041,train
11042,train
11043,train
11044,train
11045,train
11046,train
11047,train
11048,train
11049,train
11050,train
11051,valid
11052,test
11053,test
11054,train
11055,train
11056,valid
11057,train
11058,train
11059,train
11060,train
11061,valid
11062,train
11063,valid
11064,train
11065,train
11066,valid
11067,train
11068,train
11069,test
11070,valid
11071,train
11072,test
11073,test
11074,train
11075,train
11076,train
11077,train
11078,train
11079,train
11080,train
11081,train
11082,train
11083,train
11084,train
11085,train
11086,train
11087,train
11088,train
11089,train
11090,train
11091,train
11092,test
11093,train
11094,train
11095,train
11096,train
11097,train
11098,train
11099,train
11100,test
11101,train
11102,train
11103,train
11104,train
11105,train
11106,test
11107,train
11108,valid
11109,train
11110,train
11111,valid
11112,train
11113,train
11114,train
11115,train
11116,train
11117,valid
11118,test
11119,test
11120,valid
11121,train
11122,test
11123,train
11124,train
11125,train
11126,test
11127,train
11128,test
11129,train
11130,test
11131,train
11132,test
11133,train
11134,train
11135,valid
11136,train
11137,valid
11138,train
11139,train
11140,train
11141,train
11142,train
11143,test
11144,train
11145,test
11146,train
11147,train
11148,test
11149,train
11150,train
11151,test
11152,valid
11153,test
11154,test
11155,train
11156,train
11157,train
11158,train
11159,train
11160,train
11161,test
11162,train
11163,valid
11164,train
11165,valid
11166,train
11167,train
11168,train
11169,train
11170,train
11171,train
11172,train
11173,train
11174,train
11175,train
11176,train
11177,test
11178,test
11179,test
11180,train
11181,test
11182,train
11183,train
11184,train
11185,train
11186,train
11187,train
11188,train
11189,test
11190,test
11191,train
11192,test
11193,test
11194,test
11195,train
11196,test
11197,train
11198,train
11199,test
11200,train
11201,train
11202,train
11203,train
11204,train
11205,test
11206,train
11207,train
11208,valid
11209,train
11210,train
11211,train
11212,train
11213,train
11214,train
11215,test
11216,train
11217,test
11218,train
11219,valid
11220,train
11221,train
11222,train
11223,train
11224,train
11225,test
11226,valid
11227,train
11228,test
11229,train
11230,test
11231,train
11232,train
11233,train
11234,train
11235,train
11236,valid
11237,train
11238,test
11239,test
11240,train
11241,train
11242,train
11243,train
11244,test
11245,train
11246,train
11247,train
11248,train
11249,test
11250,train
11251,train
11252,train
11253,train
11254,test
11255,train
11256,test
11257,test
11258,train
11259,train
11260,test
11261,valid
11262,train
11263,test
11264,train
11265,test
11266,train
11267,train
11268,valid
11269,train
11270,test
11271,test
11272,valid
11273,train
11274,train
11275,test
11276,test
11277,test
11278,train
11279,train
11280,train
11281,train
11282,valid
11283,train
11284,train
11285,train
11286,test
11287,test
11288,valid
11289,train
11290,train
11291,valid
11292,train
11293,valid
11294,train
11295,train
11296,valid
11297,train
11298,train
11299,train
11300,test
11301,train
11302,train
11303,train
11304,train
11305,train
11306,test
11307,test
11308,test
11309,valid
11310,train
11311,train
11312,train
11313,valid
11314,test
11315,train
11316,test
11317,train
11318,train
11319,train
11320,train
11321,test
11322,train
11323,train
11324,test
11325,train
11326,test
11327,test
11328,train
11329,train
11330,train
11331,valid
11332,test
11333,valid
11334,test
11335,train
11336,train
11337,train
11338,train
11339,train
11340,train
11341,valid
11342,valid
11343,test
11344,train
11345,train
11346,train
11347,train
11348,train
11349,train
11350,valid
11351,train
11352,train
11353,test
11354,train
11355,train
11356,test
11357,test
11358,train
11359,train
11360,test
11361,train
11362,test
11363,train
11364,train
11365,train
11366,train
11367,train
11368,train
11369,test
11370,train
11371,valid
11372,train
11373,train
11374,train
11375,train
11376,train
11377,test
11378,train
11379,test
11380,test
11381,train
11382,train
11383,train
11384,train
11385,train
11386,train
11387,valid
11388,test
11389,test
11390,test
11391,train
11392,train
11393,train
11394,valid
11395,train
11396,train
11397,train
11398,train
11399,test
11400,train
11401,train
11402,train
11403,train
11404,test
11405,train
11406,test
11407,train
11408,train
11409,train
11410,train
11411,train
11412,valid
11413,train
11414,train
11415,train
11416,train
11417,test
11418,train
11419,valid
11420,train
11421,train
11422,train
11423,train
11424,test
11425,train
11426,train
11427,train
11428,train
11429,test
11430,valid
11431,train
11432,train
11433,valid
11434,test
11435,train
11436,train
11437,train
11438,train
11439,test
11440,train
11441,train
11442,train
11443,train
11444,test
11445,test
11446,train
11447,train
11448,train
11449,test
11450,test
11451,test
11452,train
11453,train
11454,train
11455,train
11456,train
11457,test
11458,train
11459,train
11460,train
11461,train
11462,train
11463,train
11464,train
11465,valid
11466,train
11467,train
11468,train
11469,train
11470,train
11471,train
11472,train
11473,train
11474,train
11475,train
11476,train
11477,train
11478,train
11479,test
11480,train
11481,train
11482,train
11483,train
11484,train
11485,train
11486,valid
11487,train
11488,test
11489,test
11490,train
11491,train
11492,test
11493,train
11494,train
11495,train
11496,train
11497,valid
11498,train
11499,train
11500,train
11501,test
11502,test
11503,test
11504,train
11505,valid
11506,test
11507,train
11508,test
11509,test
11510,train
11511,train
11512,test
11513,train
11514,test
11515,train
11516,train
11517,train
11518,train
11519,valid
11520,train
11521,train
11522,train
11523,train
11524,train
11525,test
11526,train
11527,test
11528,train
11529,train
11530,train
11531,train
11532,train
11533,test
11534,train
11535,train
11536,valid
11537,train
11538,train
11539,train
11540,train
11541,train
11542,train
11543,train
11544,train
11545,test
11546,train
11547,train
11548,train
11549,train
11550,train
11551,train
11552,train
11553,train
11554,train
11555,valid
11556,train
11557,train
11558,train
11559,train
11560,train
11561,train
11562,train
11563,train
11564,train
11565,train
11566,train
11567,test
11568,train
11569,train
11570,train
11571,test
11572,valid
11573,train
11574,train
11575,train
11576,train
11577,train
11578,train
11579,train
11580,train
11581,train
11582,train
11583,train
11584,train
11585,train
11586,test
11587,train
11588,train
11589,train
11590,valid
11591,train
11592,test
11593,test
11594,train
11595,train
11596,valid
11597,train
11598,test
11599,train
11600,train
11601,train
11602,train
11603,train
11604,train
11605,test
11606,test
11607,train
11608,test
11609,train
11610,train
11611,train
11612,train
11613,train
11614,valid
11615,train
11616,valid
11617,train
11618,test
11619,train
11620,train
11621,train
11622,test
11623,train
11624,test
11625,test
11626,test
11627,test
11628,train
11629,train
11630,train
11631,train
11632,train
11633,train
11634,train
11635,train
11636,test
11637,test
11638,train
11639,train
11640,train
11641,train
11642,train
11643,test
11644,valid
11645,test
11646,train
11647,train
11648,train
11649,train
11650,train
11651,train
11652,test
11653,train
11654,train
11655,test
11656,test
11657,train
11658,train
11659,train
11660,train
11661,test
11662,train
11663,train
11664,train
11665,train
11666,valid
11667,test
11668,train
11669,train
11670,train
11671,test
11672,train
11673,valid
11674,train
11675,train
11676,train
11677,train
11678,train
11679,train
11680,valid
11681,train
11682,test
11683,train
11684,train
11685,valid
11686,train
11687,test
11688,train
11689,train
11690,train
11691,train
11692,valid
11693,train
11694,train
11695,valid
11696,train
11697,train
11698,test
11699,train
11700,train
11701,train
11702,train
11703,test
11704,train
11705,train
11706,train
11707,train
11708,train
11709,train
11710,train
11711,test
11712,test
11713,train
11714,valid
11715,train
11716,train
11717,train
11718,train
11719,train
11720,valid
11721,train
11722,train
11723,valid
11724,train
11725,train
11726,valid
11727,train
11728,test
11729,train
11730,train
11731,train
11732,train
11733,test
11734,valid
11735,valid
11736,train
11737,train
11738,train
11739,train
11740,train
11741,train
11742,train
11743,test
11744,train
11745,train
11746,train
11747,valid
11748,test
11749,train
11750,train
11751,train
11752,train
11753,train
11754,train
11755,train
11756,train
11757,train
11758,train
11759,train
11760,train
11761,train
11762,train
11763,test
11764,train
11765,train
11766,train
11767,test
11768,train
11769,train
11770,test
11771,train
11772,train
11773,train
11774,train
11775,train
11776,test
11777,train
11778,train
11779,train
11780,train
11781,train
11782,train
11783,train
11784,train
11785,train
11786,train
11787,train
11788,train
11789,test
11790,train
11791,valid
11792,train
11793,test
11794,train
11795,test
11796,train
11797,train
11798,train
11799,train
11800,train
11801,train
11802,train
11803,train
11804,train
11805,test
11806,train
11807,train
11808,test
11809,test
11810,train
11811,train
11812,test
11813,test
11814,test
11815,train
11816,train
11817,test
11818,test
11819,test
11820,valid
11821,train
11822,train
11823,train
11824,train
11825,train
11826,train
11827,train
11828,test
11829,train
11830,train
11831,test
11832,train
11833,test
11834,train
11835,valid
11836,train
11837,train
11838,train
11839,test
11840,train
11841,test
11842,test
11843,train
11844,test
11845,train
11846,train
11847,test
11848,train
11849,train
11850,train
11851,valid
11852,train
11853,valid
11854,train
11855,test
11856,valid
11857,train
11858,train
11859,test
11860,train
11861,valid
11862,train
11863,train
11864,train
11865,valid
11866,train
11867,test
11868,train
11869,train
11870,test
11871,train
11872,valid
11873,train
11874,train
11875,train
11876,train
11877,train
11878,train
11879,train
11880,train
11881,train
11882,train
11883,train
11884,train
11885,train
11886,train
11887,train
11888,train
11889,train
11890,train
11891,train
11892,train
11893,train
11894,train
11895,train
11896,test
11897,test
11898,test
11899,train
11900,train
11901,test
11902,train
11903,test
11904,test
11905,test
11906,valid
11907,train
11908,train
11909,train
11910,test
11911,train
11912,train
11913,train
11914,test
11915,train
11916,train
11917,train
11918,test
11919,train
11920,train
11921,train
11922,train
11923,valid
11924,train
11925,train
11926,train
11927,train
11928,train
11929,valid
11930,train
11931,train
11932,train
11933,train
11934,train
11935,train
11936,test
11937,valid
11938,train
11939,train
11940,train
11941,test
11942,train
11943,test
11944,test
11945,train
11946,train
11947,valid
11948,valid
11949,train
11950,train
11951,train
11952,train
11953,train
11954,train
11955,train
11956,test
11957,train
11958,train
11959,train
11960,train
11961,train
11962,train
11963,train
11964,test
11965,train
11966,train
11967,train
11968,test
11969,test
11970,train
11971,valid
11972,train
11973,train
11974,valid
11975,valid
11976,train
11977,test
11978,train
11979,train
11980,train
11981,train
11982,valid
11983,train
11984,test
11985,train
11986,test
11987,train
11988,train
11989,test
11990,train
11991,test
11992,train
11993,train
11994,train
11995,test
11996,train
11997,valid
11998,train
11999,train
12000,train
12001,valid
12002,train
12003,train
12004,valid
12005,train
12006,train
12007,train
12008,train
12009,train
12010,train
12011,train
12012,train
12013,train
12014,train
12015,train
12016,train
12017,train
12018,train
12019,train
12020,train
12021,train
12022,train
12023,train
12024,train
12025,train
12026,valid
12027,train
12028,test
12029,train
12030,train
12031,train
12032,valid
12033,test
12034,train
12035,train
12036,test
12037,test
12038,test
12039,train
12040,train
12041,train
12042,train
12043,train
12044,train
12045,train
12046,train
12047,train
12048,train
12049,train
12050,test
12051,train
12052,test
12053,train
12054,test
12055,test
12056,train
12057,test
12058,train
12059,test
12060,train
12061,test
12062,valid
12063,valid
12064,test
12065,train
12066,train
12067,train
12068,train
12069,test
12070,train
12071,train
12072,train
12073,train
12074,train
12075,valid
12076,valid
12077,train
12078,train
12079,train
12080,train
12081,train
12082,test
12083,train
12084,test
12085,train
12086,train
12087,test
12088,train
12089,test
12090,train
12091,train
12092,train
12093,test
12094,train
12095,train
12096,train
12097,train
12098,train
12099,valid
12100,train
12101,train
12102,train
12103,test
12104,train
12105,train
12106,test
12107,train
12108,train
12109,train
12110,train
12111,train
12112,test
12113,valid
12114,test
12115,train
12116,train
12117,train
12118,train
12119,train
12120,train
12121,train
12122,train
12123,train
12124,valid
12125,test
12126,train
12127,valid
12128,train
12129,train
12130,train
12131,train
12132,valid
12133,train
12134,valid
12135,train
12136,test
12137,valid
12138,train
12139,train
12140,train
12141,test
12142,train
12143,train
12144,test
12145,train
12146,train
12147,train
12148,valid
12149,test
12150,train
12151,train
12152,train
12153,test
12154,train
12155,test
12156,train
12157,train
12158,train
12159,train
12160,train
12161,train
12162,train
12163,test
12164,valid
12165,train
12166,train
12167,test
12168,valid
12169,valid
12170,test
12171,train
12172,train
12173,train
12174,train
12175,train
12176,train
12177,train
12178,train
12179,train
12180,train
12181,train
12182,train
12183,train
12184,train
12185,valid
12186,train
12187,train
12188,train
12189,train
12190,test
12191,train
12192,train
12193,train
12194,train
12195,train
12196,test
12197,train
12198,train
12199,valid
12200,train
12201,train
12202,train
12203,test
12204,train
12205,train
12206,train
12207,train
12208,train
12209,train
12210,train
12211,train
12212,train
12213,train
12214,train
12215,train
12216,valid
12217,test
12218,train
12219,train
12220,train
12221,test
12222,train
12223,train
12224,test
12225,valid
12226,train
12227,train
12228,test
12229,test
12230,train
12231,train
12232,valid
12233,train
12234,test
12235,train
12236,test
12237,train
12238,train
12239,test
12240,train
12241,test
12242,train
12243,train
12244,valid
12245,test
12246,test
12247,train
12248,train
12249,train
12250,train
12251,test
12252,train
12253,test
12254,train
12255,train
12256,train
12257,train
12258,test
12259,train
12260,train
12261,train
12262,train
12263,train
12264,valid
12265,train
12266,train
12267,test
12268,train
12269,train
12270,train
12271,valid
12272,train
12273,train
12274,train
12275,valid
12276,train
12277,train
12278,test
12279,train
12280,train
12281,train
12282,train
12283,test
12284,train
12285,test
12286,train
12287,train
12288,test
12289,train
12290,train
12291,test
12292,test
12293,train
12294,test
12295,train
12296,train
12297,train
12298,train
12299,train
12300,train
12301,train
12302,train
12303,test
12304,train
12305,test
12306,train
12307,train
12308,train
12309,train
12310,test
12311,train
12312,train
12313,train
12314,test
12315,train
12316,train
12317,train
12318,train
12319,train
12320,train
12321,test
12322,train
12323,train
12324,train
12325,train
12326,train
12327,train
12328,train
12329,train
12330,train
12331,train
12332,test
12333,test
12334,train
12335,train
12336,test
12337,valid
12338,train
12339,train
12340,train
12341,train
12342,train
12343,valid
12344,valid
12345,train
12346,valid
12347,train
12348,train
12349,train
12350,train
12351,train
12352,test
12353,train
12354,test
12355,test
12356,train
12357,train
12358,train
12359,test
12360,train
12361,valid
12362,valid
12363,train
12364,train
12365,test
12366,train
12367,train
12368,test
12369,train
12370,test
12371,train
12372,train
12373,train
12374,train
12375,train
12376,train
12377,train
12378,train
12379,train
12380,valid
12381,train
12382,train
12383,valid
12384,train
12385,test
12386,train
12387,train
12388,train
12389,valid
12390,test
12391,train
12392,train
12393,train
12394,train
12395,train
12396,train
12397,test
12398,train
12399,train
12400,train
12401,train
12402,train
12403,valid
12404,train
12405,train
12406,train
12407,train
12408,test
12409,test
12410,train
12411,train
12412,train
12413,train
12414,train
12415,train
12416,train
12417,valid
12418,test
12419,train
12420,valid
12421,valid
12422,train
12423,train
12424,valid
12425,train
12426,train
12427,test
12428,train
12429,train
12430,train
12431,test
12432,train
12433,test
12434,train
12435,test
12436,train
12437,valid
12438,valid
12439,train
12440,train
12441,test
12442,train
12443,train
12444,train
12445,train
12446,train
12447,train
12448,train
12449,train
12450,train
12451,train
12452,train
12453,train
12454,train
12455,train
12456,train
12457,train
12458,test
12459,train
12460,train
12461,valid
12462,test
12463,test
12464,test
12465,train
12466,valid
12467,train
12468,valid
12469,train
12470,train
12471,train
12472,train
12473,train
12474,train
12475,valid
12476,train
12477,train
12478,train
12479,train
12480,train
12481,train
12482,train
12483,valid
12484,train
12485,train
12486,train
12487,train
12488,train
12489,train
12490,train
12491,train
12492,train
12493,test
12494,train
12495,train
12496,train
12497,train
12498,train
12499,train
12500,train
12501,train
12502,train
12503,valid
12504,train
12505,valid
12506,train
12507,train
12508,test
12509,train
12510,train
12511,train
12512,train
12513,valid
12514,train
12515,test
12516,train
12517,train
12518,test
12519,test
12520,train
12521,test
12522,train
12523,train
12524,train
12525,train
12526,test
12527,train
12528,valid
12529,train
12530,train
12531,train
12532,train
12533,test
12534,train
12535,train
12536,test
12537,test
12538,train
12539,valid
12540,valid
12541,test
12542,train
12543,train
12544,test
12545,train
12546,train
12547,train
12548,valid
12549,test
12550,train
12551,test
12552,train
12553,train
12554,train
12555,train
12556,test
12557,train
12558,train
12559,train
12560,train
12561,train
12562,valid
12563,train
12564,train
12565,train
12566,train
12567,train
12568,train
12569,valid
12570,train
12571,valid
12572,test
12573,train
12574,test
12575,train
12576,train
12577,train
12578,valid
12579,train
12580,test
12581,train
12582,train
12583,train
12584,train
12585,train
12586,train
12587,test
12588,test
12589,train
12590,train
12591,train
12592,train
12593,train
12594,train
12595,test
12596,train
12597,test
12598,train
12599,train
12600,test
12601,train
12602,train
12603,train
12604,train
12605,train
12606,train
12607,valid
12608,train
12609,test
12610,test
12611,test
12612,valid
12613,train
12614,valid
12615,train
12616,train
12617,train
12618,train
12619,test
12620,test
12621,train
12622,test
12623,train
12624,test
12625,test
12626,train
12627,test
12628,train
12629,valid
12630,train
12631,train
12632,test
12633,train
12634,valid
12635,train
12636,train
12637,valid
12638,test
12639,valid
12640,test
12641,train
12642,train
12643,test
12644,train
12645,train
12646,test
12647,train
12648,train
12649,train
12650,train
12651,train
12652,train
12653,train
12654,train
12655,test
12656,train
12657,train
12658,valid
12659,train
12660,train
12661,test
12662,train
12663,valid
12664,train
12665,train
12666,train
12667,train
12668,test
12669,valid
12670,test
12671,train
12672,train
12673,train
12674,train
12675,train
12676,valid
12677,train
12678,train
12679,test
12680,train
12681,test
12682,train
12683,train
12684,train
12685,train
12686,train
12687,train
12688,train
12689,train
12690,test
12691,train
12692,train
12693,train
12694,train
12695,train
12696,valid
12697,train
12698,train
12699,train
12700,valid
12701,train
12702,train
12703,train
12704,train
12705,train
12706,train
12707,train
12708,train
12709,test
12710,train
12711,test
12712,valid
12713,train
12714,train
12715,train
12716,test
12717,train
12718,test
12719,train
12720,train
12721,valid
12722,train
12723,train
12724,train
12725,test
12726,train
12727,train
12728,valid
12729,train
12730,train
12731,test
12732,train
12733,train
12734,train
12735,train
12736,train
12737,test
12738,train
12739,test
12740,train
12741,train
12742,train
12743,valid
12744,train
12745,valid
12746,train
12747,valid
12748,train
12749,train
12750,train
12751,train
12752,train
12753,train
12754,train
12755,test
12756,train
12757,train
12758,train
12759,train
12760,train
12761,train
12762,test
12763,valid
12764,train
12765,train
12766,train
12767,train
12768,train
12769,train
12770,test
12771,train
12772,train
12773,train
12774,train
12775,test
12776,train
12777,train
12778,train
12779,test
12780,train
12781,train
12782,train
12783,train
12784,train
12785,test
12786,train
12787,train
12788,valid
12789,train
12790,train
12791,train
12792,train
12793,test
12794,train
12795,valid
12796,test
12797,test
12798,train
12799,test
12800,test
12801,train
12802,train
12803,train
12804,train
12805,valid
12806,test
12807,train
12808,train
12809,train
12810,train
12811,train
12812,test
12813,train
12814,test
12815,train
12816,train
12817,train
12818,valid
12819,train
12820,train
12821,train
12822,test
12823,train
12824,valid
12825,train
12826,test
12827,train
12828,train
12829,train
12830,train
12831,train
12832,test
12833,test
12834,test
12835,train
12836,train
12837,test
12838,train
12839,test
12840,train
12841,test
12842,train
12843,train
12844,test
12845,train
12846,test
12847,train
12848,train
12849,train
12850,train
12851,test
12852,train
12853,train
12854,train
12855,test
12856,train
12857,valid
12858,train
12859,train
12860,train
12861,valid
12862,valid
12863,train
12864,valid
12865,train
12866,train
12867,train
12868,train
12869,train
12870,train
12871,train
12872,train
12873,test
12874,train
12875,valid
12876,train
12877,train
12878,train
12879,valid
12880,train
12881,train
12882,train
12883,train
12884,test
12885,train
12886,test
12887,train
12888,train
12889,train
12890,train
12891,train
12892,train
12893,train
12894,train
12895,valid
12896,train
12897,test
12898,valid
12899,train
12900,train
12901,valid
12902,train
12903,train
12904,train
12905,test
12906,train
12907,train
12908,train
12909,test
12910,train
12911,train
12912,train
12913,test
12914,train
12915,train
12916,train
12917,valid
12918,test
12919,test
12920,train
12921,train
12922,train
12923,test
12924,train
12925,train
12926,train
12927,train
12928,train
12929,train
12930,valid
12931,test
12932,train
12933,train
12934,test
12935,train
12936,train
12937,train
12938,train
12939,train
12940,test
12941,train
12942,train
12943,train
12944,train
12945,train
12946,train
12947,train
12948,train
12949,train
12950,valid
12951,train
12952,train
12953,train
12954,test
12955,train
12956,train
12957,test
12958,train
12959,train
12960,train
12961,train
12962,train
12963,train
12964,train
12965,test
12966,train
12967,train
12968,train
12969,train
12970,train
12971,train
12972,train
12973,train
12974,train
12975,train
12976,train
12977,train
12978,train
12979,test
12980,train
12981,train
12982,train
12983,valid
12984,test
12985,train
12986,train
12987,train
12988,train
12989,test
12990,test
12991,train
12992,valid
12993,train
12994,valid
12995,train
12996,valid
12997,train
12998,train
12999,train
13000,train
13001,test
13002,valid
13003,train
13004,train
13005,train
13006,train
13007,train
13008,train
13009,valid
13010,train
13011,valid
13012,test
13013,valid
13014,train
13015,test
13016,valid
13017,train
13018,train
13019,train
13020,test
13021,train
13022,test
13023,test
13024,train
13025,test
13026,train
13027,valid
13028,train
13029,train
13030,train
13031,valid
13032,train
13033,train
13034,train
13035,train
13036,train
13037,train
13038,train
13039,train
13040,train
13041,valid
13042,train
13043,train
13044,train
13045,train
13046,train
13047,train
13048,test
13049,test
13050,test
13051,train
13052,train
13053,train
13054,test
13055,valid
13056,valid
13057,train
13058,train
13059,train
13060,train
13061,train
13062,train
13063,train
13064,test
13065,train
13066,train
13067,test
13068,train
13069,valid
13070,train
13071,train
13072,train
13073,valid
13074,train
13075,valid
13076,test
13077,train
13078,train
13079,test
13080,test
13081,train
13082,train
13083,train
13084,train
13085,test
13086,train
13087,train
13088,valid
13089,valid
13090,train
13091,test
13092,valid
13093,train
13094,train
13095,train
13096,train
13097,train
13098,train
13099,test
13100,test
13101,train
13102,test
13103,train
13104,train
13105,train
13106,train
13107,test
13108,train
13109,train
13110,train
13111,train
13112,train
13113,train
13114,train
13115,test
13116,train
13117,train
13118,train
13119,test
13120,train
13121,test
13122,train
13123,train
13124,train
13125,test
13126,train
13127,test
13128,train
13129,train
13130,train
13131,test
13132,train
13133,train
13134,test
13135,test
13136,train
13137,train
13138,train
13139,train
13140,valid
13141,train
13142,train
13143,valid
13144,train
13145,train
13146,train
13147,train
13148,train
13149,train
13150,train
13151,train
13152,train
13153,train
13154,test
13155,train
13156,test
13157,train
13158,train
13159,valid
13160,train
13161,train
13162,train
13163,train
13164,train
13165,train
13166,test
13167,test
13168,test
13169,train
13170,train
13171,train
13172,valid
13173,test
13174,test
13175,test
13176,train
13177,train
13178,test
13179,train
13180,train
13181,valid
13182,test
13183,train
13184,train
13185,train
13186,valid
13187,train
13188,train
13189,test
13190,train
13191,train
13192,train
13193,train
13194,train
13195,test
13196,test
13197,test
13198,train
13199,test
13200,test
13201,train
13202,train
13203,train
13204,train
13205,train
13206,train
13207,train
13208,train
13209,train
13210,test
13211,train
13212,test
13213,train
13214,test
13215,train
13216,train
13217,train
13218,train
13219,train
13220,train
13221,train
13222,valid
13223,valid
13224,valid
13225,train
13226,test
13227,valid
13228,train
13229,test
13230,test
13231,train
13232,train
13233,train
13234,train
13235,train
13236,test
13237,train
13238,valid
13239,train
13240,train
13241,train
13242,train
13243,train
13244,train
13245,train
13246,valid
13247,train
13248,train
13249,valid
13250,train
13251,test
13252,train
13253,test
13254,train
13255,train
13256,train
13257,train
13258,train
13259,train
13260,test
13261,train
13262,train
13263,train
13264,train
13265,train
13266,train
13267,valid
13268,test
13269,train
13270,train
13271,train
13272,train
13273,train
13274,train
13275,test
13276,train
13277,train
13278,train
13279,train
13280,train
13281,train
13282,train
13283,train
13284,train
13285,train
13286,valid
13287,train
13288,valid
13289,train
13290,train
13291,test
13292,test
13293,train
13294,train
13295,train
13296,train
13297,train
13298,test
13299,test
13300,valid
13301,train
13302,train
13303,test
13304,valid
13305,train
13306,train
13307,train
13308,test
13309,train
13310,train
13311,test
13312,train
13313,train
13314,train
13315,test
13316,test
13317,train
13318,train
13319,train
13320,train
13321,train
13322,train
13323,train
13324,train
13325,train
13326,train
13327,test
13328,train
13329,test
13330,valid
13331,train
13332,train
13333,test
13334,train
13335,valid
13336,train
13337,train
13338,train
13339,train
13340,train
13341,test
13342,train
13343,train
13344,train
13345,test
13346,train
13347,train
13348,train
13349,valid
13350,train
13351,valid
13352,test
13353,train
13354,train
13355,train
13356,test
13357,test
13358,train
13359,train
13360,train
13361,train
13362,test
13363,train
13364,test
13365,train
13366,test
13367,test
13368,test
13369,train
13370,train
13371,test
13372,test
13373,train
13374,test
13375,train
13376,test
13377,train
13378,train
13379,train
13380,train
13381,train
13382,test
13383,valid
13384,train
13385,train
13386,train
13387,train
13388,test
13389,train
13390,valid
13391,train
13392,valid
13393,train
13394,valid
13395,train
13396,train
13397,train
13398,valid
13399,test
13400,train
13401,train
13402,train
13403,train
13404,train
13405,valid
13406,train
13407,train
13408,train
13409,test
13410,train
13411,train
13412,train
13413,train
13414,train
13415,train
13416,train
13417,test
13418,train
13419,train
13420,train
13421,test
13422,train
13423,train
13424,train
13425,train
13426,train
13427,train
13428,test
13429,train
13430,train
13431,test
13432,train
13433,test
13434,train
13435,train
13436,train
13437,train
13438,train
13439,test
13440,train
13441,valid
13442,train
13443,train
13444,train
13445,train
13446,train
13447,train
13448,test
13449,train
13450,valid
13451,train
13452,train
13453,train
13454,train
13455,train
13456,train
13457,train
13458,train
13459,train
13460,test
13461,train
13462,train
13463,train
13464,valid
13465,train
13466,train
13467,test
13468,train
13469,test
13470,test
13471,train
13472,test
13473,train
13474,train
13475,test
13476,valid
13477,train
13478,test
13479,valid
13480,train
13481,valid
13482,train
13483,train
13484,test
13485,train
13486,train
13487,test
13488,test
13489,valid
13490,train
13491,train
13492,train
13493,test
13494,train
13495,train
13496,train
13497,test
13498,train
13499,test
13500,train
13501,train
13502,train
13503,train
13504,train
13505,train
13506,train
13507,valid
13508,train
13509,train
13510,train
13511,train
13512,train
13513,train
13514,train
13515,test
13516,train
13517,train
13518,test
13519,train
13520,train
13521,test
13522,train
13523,train
13524,train
13525,train
13526,train
13527,train
13528,train
13529,valid
13530,train
13531,train
13532,train
13533,train
13534,train
13535,train
13536,train
13537,train
13538,train
13539,train
13540,test
13541,test
13542,train
13543,test
13544,valid
13545,test
13546,train
13547,train
13548,valid
13549,train
13550,test
13551,valid
13552,test
13553,test
13554,train
13555,train
13556,test
13557,valid
13558,test
13559,train
13560,train
13561,train
13562,valid
13563,train
13564,train
13565,train
13566,valid
13567,train
13568,train
13569,train
13570,train
13571,train
13572,valid
13573,test
13574,test
13575,train
13576,train
13577,train
13578,train
13579,test
13580,train
13581,train
13582,test
13583,train
13584,test
13585,train
13586,train
13587,test
13588,train
13589,test
13590,test
13591,test
13592,train
13593,test
13594,test
13595,valid
13596,test
13597,train
13598,train
13599,train
13600,train
13601,valid
13602,train
13603,test
13604,train
13605,test
13606,train
13607,valid
13608,train
13609,train
13610,test
13611,test
13612,train
13613,train
13614,train
13615,test
13616,train
13617,test
13618,train
13619,test
13620,test
13621,test
13622,train
13623,train
13624,train
13625,train
13626,train
13627,train
13628,train
13629,train
13630,train
13631,train
13632,valid
13633,test
13634,train
13635,train
13636,train
13637,train
13638,train
13639,test
13640,train
13641,test
13642,valid
13643,train
13644,train
13645,train
13646,train
13647,train
13648,train
13649,train
13650,test
13651,train
13652,train
13653,train
13654,train
13655,train
13656,train
13657,test
13658,train
13659,train
13660,train
13661,train
13662,train
13663,train
13664,train
13665,train
13666,train
13667,train
13668,train
13669,train
13670,train
13671,test
13672,train
13673,valid
13674,train
13675,test
13676,train
13677,train
13678,test
13679,test
13680,train
13681,train
13682,train
13683,train
13684,train
13685,train
13686,test
13687,train
13688,test
13689,train
13690,train
13691,train
13692,train
13693,train
13694,train
13695,test
13696,test
13697,train
13698,train
13699,train
13700,valid
13701,train
13702,train
13703,train
13704,train
13705,train
13706,train
13707,train
13708,train
13709,train
13710,train
13711,test
13712,train
13713,test
13714,train
13715,train
13716,train
13717,train
13718,train
13719,train
13720,train
13721,valid
13722,train
13723,train
13724,train
13725,train
13726,test
13727,test
13728,train
13729,train
13730,valid
13731,test
13732,train
13733,train
13734,train
13735,train
13736,valid
13737,train
13738,train
13739,test
13740,train
13741,test
13742,test
13743,train
13744,train
13745,valid
13746,test
13747,train
13748,train
13749,train
13750,train
13751,train
13752,train
13753,train
13754,train
13755,train
13756,train
13757,test
13758,train
13759,test
13760,train
13761,train
13762,train
13763,train
13764,train
13765,train
13766,train
13767,test
13768,train
13769,valid
13770,train
13771,test
13772,valid
13773,train
13774,train
13775,train
13776,train
13777,train
13778,train
13779,train
13780,valid
13781,train
13782,valid
13783,train
13784,train
13785,test
13786,train
13787,train
13788,test
13789,train
13790,valid
13791,valid
13792,train
13793,train
13794,train
13795,valid
13796,train
13797,train
13798,test
13799,train
13800,train
13801,test
13802,train
13803,test
13804,train
13805,test
13806,train
13807,train
13808,train
13809,valid
13810,train
13811,train
13812,test
13813,test
13814,train
13815,train
13816,valid
13817,test
13818,train
13819,train
13820,test
13821,test
13822,train
13823,test
13824,train
13825,train
13826,train
13827,train
13828,train
13829,train
13830,train
13831,train
13832,train
13833,train
13834,train
13835,train
13836,test
13837,test
13838,test
13839,train
13840,train
13841,train
13842,train
13843,test
13844,train
13845,train
13846,train
13847,train
13848,test
13849,test
13850,train
13851,train
13852,train
13853,test
13854,train
13855,train
13856,valid
13857,train
13858,train
13859,train
13860,train
13861,train
13862,train
13863,test
13864,train
13865,train
13866,train
13867,train
13868,train
13869,train
13870,train
13871,train
13872,train
13873,train
13874,train
13875,train
13876,train
13877,test
13878,train
13879,train
13880,train
13881,train
13882,train
13883,train
13884,train
13885,train
13886,train
13887,train
13888,train
13889,train
13890,train
13891,train
13892,train
13893,train
13894,train
13895,train
13896,train
13897,train
13898,valid
13899,train
13900,test
13901,train
13902,valid
13903,train
13904,test
13905,train
13906,test
13907,test
13908,train
13909,valid
13910,valid
13911,train
13912,train
13913,train
13914,train
13915,test
13916,train
13917,test
13918,train
13919,valid
13920,train
13921,train
13922,train
13923,train
13924,valid
13925,train
13926,train
13927,train
13928,test
13929,train
13930,valid
13931,train
13932,train
13933,train
13934,train
13935,train
13936,train
13937,train
13938,train
13939,test
13940,train
13941,test
13942,train
13943,train
13944,test
13945,train
13946,train
13947,train
13948,train
13949,train
13950,train
13951,train
13952,train
13953,test
13954,train
13955,test
13956,test
13957,valid
13958,train
13959,train
13960,test
13961,train
13962,train
13963,train
13964,train
13965,valid
13966,train
13967,train
13968,test
13969,train
13970,train
13971,train
13972,train
13973,train
13974,train
13975,train
13976,valid
13977,train
13978,train
13979,train
13980,train
13981,train
13982,train
13983,train
13984,train
13985,test
13986,train
13987,train
13988,train
13989,train
13990,train
13991,train
13992,train
13993,train
13994,train
13995,train
13996,test
13997,valid
13998,train
13999,train
14000,test
14001,train
14002,test
14003,train
14004,train
14005,test
14006,valid
14007,train
14008,train
14009,train
14010,train
14011,valid
14012,train
14013,test
14014,train
14015,test
14016,train
14017,train
14018,valid
14019,test
14020,test
14021,train
14022,train
14023,train
14024,train
14025,train
14026,train
14027,train
14028,train
14029,train
14030,train
14031,train
14032,train
14033,valid
14034,train
14035,test
14036,train
14037,valid
14038,train
14039,train
14040,valid
14041,train
14042,valid
14043,train
14044,train
14045,test
14046,test
14047,train
14048,train
14049,train
14050,train
14051,train
14052,train
14053,train
14054,test
14055,test
14056,test
14057,train
14058,train
14059,train
14060,test
14061,train
14062,test
14063,train
14064,train
14065,test
14066,test
14067,train
14068,train
14069,train
14070,train
14071,test
14072,test
14073,train
14074,train
14075,train
14076,valid
14077,train
14078,train
14079,train
14080,valid
14081,train
14082,test
14083,train
14084,train
14085,train
14086,train
14087,train
14088,train
14089,train
14090,valid
14091,train
14092,test
14093,train
14094,train
14095,valid
14096,test
14097,train
14098,train
14099,valid
14100,train
14101,train
14102,train
14103,valid
14104,test
14105,train
14106,train
14107,train
14108,test
14109,test
14110,train
14111,train
14112,train
14113,train
14114,train
14115,valid
14116,test
14117,train
14118,test
14119,test
14120,train
14121,train
14122,test
14123,train
14124,train
14125,train
14126,train
14127,train
14128,test
14129,train
14130,train
14131,train
14132,test
14133,train
14134,valid
14135,train
14136,valid
14137,test
14138,test
14139,train
14140,train
14141,train
14142,train
14143,train
14144,test
14145,test
14146,valid
14147,train
14148,train
14149,test
14150,train
14151,train
14152,valid
14153,train
14154,train
14155,train
14156,train
14157,train
14158,valid
14159,train
14160,train
14161,train
14162,train
14163,train
14164,test
14165,train
14166,train
14167,train
14168,train
14169,train
14170,test
14171,train
14172,test
14173,train
14174,test
14175,train
14176,train
14177,train
14178,test
14179,train
14180,valid
14181,train
14182,test
14183,train
14184,test
14185,train
14186,train
14187,train
14188,train
14189,train
14190,train
14191,train
14192,valid
14193,train
14194,train
14195,train
14196,train
14197,train
14198,train
14199,valid
14200,train
14201,train
14202,train
14203,train
14204,train
14205,test
14206,train
14207,train
14208,train
14209,train
14210,train
14211,train
14212,train
14213,train
14214,valid
14215,train
14216,train
14217,test
14218,test
14219,valid
14220,train
14221,train
14222,train
14223,test
14224,train
14225,test
14226,test
14227,train
14228,train
14229,train
14230,test
14231,train
14232,train
14233,train
14234,train
14235,test
14236,train
14237,test
14238,test
14239,train
14240,train
14241,train
14242,train
14243,train
14244,train
14245,train
14246,valid
14247,train
14248,train
14249,train
14250,train
14251,train
14252,test
14253,train
14254,valid
14255,train
14256,train
14257,train
14258,train
14259,train
14260,valid
14261,train
14262,test
14263,train
14264,train
14265,train
14266,test
14267,train
14268,train
14269,test
14270,train
14271,train
14272,train
14273,test
14274,test
14275,train
14276,train
14277,test
14278,train
14279,train
14280,valid
14281,valid
14282,test
14283,train
14284,valid
14285,train
14286,test
14287,train
14288,train
14289,train
14290,train
14291,train
14292,train
14293,train
14294,test
14295,train
14296,train
14297,valid
14298,train
14299,valid
14300,train
14301,train
14302,train
14303,test
14304,train
14305,train
14306,test
14307,valid
14308,train
14309,valid
14310,train
14311,valid
14312,train
14313,train
14314,test
14315,train
14316,valid
14317,train
14318,train
14319,train
14320,train
14321,train
14322,test
14323,train
14324,train
14325,test
14326,train
14327,train
14328,train
14329,train
14330,train
14331,train
14332,train
14333,train
14334,train
14335,valid
14336,test
14337,train
14338,train
14339,test
14340,valid
14341,train
14342,train
14343,train
14344,train
14345,train
14346,train
14347,train
14348,train
14349,train
14350,train
14351,train
14352,valid
14353,train
14354,test
14355,test
14356,train
14357,train
14358,train
14359,train
14360,test
14361,train
14362,train
14363,train
14364,train
14365,train
14366,train
14367,train
14368,train
14369,test
14370,train
14371,train
14372,train
14373,train
14374,train
14375,train
14376,train
14377,train
14378,train
14379,test
14380,train
14381,train
14382,train
14383,train
14384,train
14385,train
14386,valid
14387,test
14388,train
14389,train
14390,train
14391,train
14392,train
14393,train
14394,train
14395,train
14396,test
14397,train
14398,train
14399,train
14400,train
14401,train
14402,test
14403,test
14404,train
14405,train
14406,train
14407,test
14408,train
14409,train
14410,train
14411,test
14412,train
14413,train
14414,test
14415,train
14416,train
14417,train
14418,valid
14419,train
14420,train
14421,train
14422,train
14423,valid
14424,train
14425,valid
14426,train
14427,test
14428,train
14429,test
14430,train
14431,train
14432,test
14433,train
14434,train
14435,train
14436,train
14437,valid
14438,train
14439,train
14440,valid
14441,train
14442,train
14443,test
14444,train
14445,train
14446,test
14447,test
14448,train
14449,train
14450,train
14451,train
14452,train
14453,train
14454,train
14455,train
14456,train
14457,train
14458,train
14459,test
14460,train
14461,test
14462,test
14463,test
14464,train
14465,valid
14466,train
14467,train
14468,test
14469,train
14470,test
14471,test
14472,train
14473,train
14474,train
14475,train
14476,valid
14477,test
14478,test
14479,train
14480,train
14481,train
14482,train
14483,train
14484,train
14485,train
14486,train
14487,train
14488,train
14489,train
14490,train
14491,train
14492,train
14493,test
14494,train
14495,train
14496,test
14497,train
14498,train
14499,test
14500,test
14501,train
14502,train
14503,train
14504,train
14505,train
14506,test
14507,train
14508,train
14509,train
14510,test
14511,train
14512,train
14513,train
14514,train
14515,train
14516,train
14517,train
14518,test
14519,test
14520,train
14521,train
14522,train
14523,test
14524,train
14525,train
14526,test
14527,test
14528,train
14529,train
14530,train
14531,train
14532,valid
14533,test
14534,train
14535,train
14536,test
14537,train
14538,valid
14539,test
14540,train
14541,train
14542,train
14543,train
14544,train
14545,train
14546,train
14547,valid
14548,train
14549,train
14550,train
14551,train
14552,train
14553,train
14554,train
14555,train
14556,train
14557,train
14558,train
14559,train
14560,train
14561,test
14562,train
14563,train
14564,train
14565,train
14566,train
14567,train
14568,train
14569,train
14570,train
14571,test
14572,train
14573,train
14574,train
14575,train
14576,test
14577,test
14578,test
14579,test
14580,test
14581,train
14582,train
14583,train
14584,train
14585,test
14586,test
14587,valid
14588,train
14589,train
14590,train
14591,train
14592,train
14593,train
14594,train
14595,train
14596,train
14597,train
14598,train
14599,valid
14600,train
14601,test
14602,train
14603,test
14604,test
14605,train
14606,train
14607,train
14608,train
14609,test
14610,train
14611,train
14612,test
14613,test
14614,test
14615,train
14616,valid
14617,train
14618,train
14619,train
14620,train
14621,test
14622,train
14623,train
14624,valid
14625,test
14626,test
14627,valid
14628,test
14629,train
14630,train
14631,test
14632,train
14633,train
14634,train
14635,train
14636,valid
14637,train
14638,train
14639,train
14640,train
14641,train
14642,valid
14643,train
14644,valid
14645,train
14646,train
14647,train
14648,test
14649,train
14650,train
14651,train
14652,test
14653,test
14654,test
14655,train
14656,test
14657,train
14658,train
14659,train
14660,train
14661,train
14662,train
14663,train
14664,train
14665,valid
14666,train
14667,train
14668,train
14669,train
14670,train
14671,valid
14672,train
14673,train
14674,train
14675,train
14676,test
14677,train
14678,train
14679,train
14680,train
14681,valid
14682,test
14683,train
14684,train
14685,train
14686,test
14687,train
14688,train
14689,train
14690,train
14691,train
14692,train
14693,train
14694,valid
14695,test
14696,train
14697,train
14698,test
14699,train
14700,train
14701,train
14702,train
14703,train
14704,train
14705,valid
14706,train
14707,train
14708,train
14709,train
14710,test
14711,train
14712,train
14713,test
14714,train
14715,train
14716,train
14717,train
14718,train
14719,train
14720,train
14721,train
14722,train
14723,train
14724,train
14725,train
14726,valid
14727,train
14728,train
14729,train
14730,train
14731,train
14732,test
14733,train
14734,train
14735,test
14736,valid
14737,train
14738,test
14739,train
14740,test
14741,train
14742,train
14743,test
14744,train
14745,train
14746,train
14747,valid
14748,train
14749,test
14750,train
14751,test
14752,test
14753,test
14754,test
14755,train
14756,train
14757,train
14758,train
14759,train
14760,valid
14761,train
14762,test
14763,train
14764,test
14765,valid
14766,valid
14767,train
14768,train
14769,test
14770,train
14771,test
14772,train
14773,train
14774,train
14775,test
14776,test
14777,train
14778,test
14779,valid
14780,train
14781,train
14782,train
14783,train
14784,train
14785,test
14786,train
14787,train
14788,train
14789,train
14790,train
14791,train
14792,test
14793,train
14794,test
14795,train
14796,test
14797,train
14798,test
14799,test
14800,train
14801,train
14802,test
14803,train
14804,test
14805,valid
14806,train
14807,train
14808,test
14809,valid
14810,train
14811,train
14812,test
14813,train
14814,test
14815,test
14816,train
14817,train
14818,train
14819,train
14820,test
14821,train
14822,train
14823,train
14824,train
14825,train
14826,train
14827,test
14828,train
14829,train
14830,train
14831,train
14832,valid
14833,train
14834,train
14835,train
14836,train
14837,train
14838,train
14839,train
14840,train
14841,test
14842,train
14843,train
14844,test
14845,train
14846,valid
14847,train
14848,train
14849,test
14850,train
14851,train
14852,test
14853,valid
14854,train
14855,train
14856,train
14857,train
14858,train
14859,test
14860,train
14861,train
14862,train
14863,train
14864,train
14865,train
14866,train
14867,train
14868,train
14869,train
14870,test
14871,train
14872,train
14873,test
14874,train
14875,test
14876,test
14877,train
14878,train
14879,valid
14880,train
14881,test
14882,train
14883,train
14884,train
14885,test
14886,train
14887,valid
14888,valid
14889,train
14890,train
14891,valid
14892,train
14893,train
14894,train
14895,train
14896,valid
14897,valid
14898,train
14899,test
14900,valid
14901,train
14902,train
14903,train
14904,train
14905,train
14906,train
14907,test
14908,test
14909,train
14910,train
14911,test
14912,train
14913,train
14914,train
14915,train
14916,train
14917,train
14918,train
14919,train
14920,test
14921,valid
14922,valid
14923,train
14924,train
14925,train
14926,train
14927,train
14928,train
14929,train
14930,test
14931,test
14932,train
14933,train
14934,train
14935,valid
14936,train
14937,valid
14938,test
14939,train
14940,train
14941,valid
14942,test
14943,test
14944,test
14945,train
14946,train
14947,train
14948,valid
14949,train
14950,train
14951,train
14952,valid
14953,test
14954,train
14955,train
14956,train
14957,test
14958,train
14959,test
14960,train
14961,test
14962,train
14963,test
14964,train
14965,test
14966,valid
14967,train
14968,test
14969,train
14970,test
14971,train
14972,test
14973,train
14974,train
14975,train
14976,train
14977,test
14978,test
14979,test
14980,test
14981,test
14982,train
14983,train
14984,train
14985,train
14986,train
14987,train
14988,train
14989,train
14990,train
14991,train
14992,train
14993,train
14994,train
14995,test
14996,train
14997,train
14998,train
14999,train
15000,train
15001,train
15002,test
15003,test
15004,valid
15005,test
15006,train
15007,train
15008,train
15009,train
15010,train
15011,test
15012,train
15013,train
15014,train
15015,train
15016,train
15017,test
15018,train
15019,train
15020,train
15021,train
15022,train
15023,train
15024,train
15025,train
15026,train
15027,train
15028,train
15029,test
15030,train
15031,train
15032,train
15033,train
15034,train
15035,train
15036,train
15037,train
15038,train
15039,train
15040,test
15041,test
15042,train
15043,valid
15044,valid
15045,train
15046,test
15047,train
15048,train
15049,train
15050,test
15051,train
15052,train
15053,train
15054,train
15055,test
15056,valid
15057,train
15058,train
15059,train
15060,train
15061,test
15062,train
15063,test
15064,test
15065,valid
15066,test
15067,train
15068,test
15069,valid
15070,train
15071,valid
15072,train
15073,train
15074,train
15075,train
15076,train
15077,valid
15078,train
15079,train
15080,train
15081,test
15082,train
15083,valid
15084,train
15085,train
15086,train
15087,train
15088,train
15089,train
15090,train
15091,train
15092,test
15093,train
15094,train
15095,test
15096,train
15097,train
15098,test
15099,test
15100,test
15101,train
15102,test
15103,train
15104,train
15105,test
15106,test
15107,train
15108,train
15109,valid
15110,train
15111,test
15112,train
15113,train
15114,train
15115,train
15116,train
15117,train
15118,train
15119,test
15120,test
15121,train
15122,train
15123,test
15124,train
15125,valid
15126,train
15127,train
15128,train
15129,train
15130,train
15131,test
15132,train
15133,test
15134,test
15135,test
15136,valid
15137,train
15138,train
15139,train
15140,valid
15141,train
15142,train
15143,train
15144,test
15145,train
15146,test
15147,train
15148,valid
15149,train
15150,valid
15151,train
15152,valid
15153,valid
15154,valid
15155,train
15156,train
15157,train
15158,valid
15159,train
15160,train
15161,train
15162,train
15163,test
15164,train
15165,test
15166,test
15167,valid
15168,valid
15169,train
15170,train
15171,test
15172,test
15173,train
15174,train
15175,train
15176,train
15177,train
15178,train
15179,train
15180,train
15181,test
15182,train
15183,train
15184,train
15185,train
15186,valid
15187,train
15188,train
15189,test
15190,train
15191,valid
15192,train
15193,test
15194,train
15195,train
15196,train
15197,train
15198,train
15199,train
15200,train
15201,train
15202,test
15203,train
15204,train
15205,test
15206,train
15207,train
15208,train
15209,train
15210,test
15211,train
15212,train
15213,train
15214,valid
15215,train
15216,test
15217,train
15218,train
15219,train
15220,train
15221,train
15222,train
15223,train
15224,train
15225,train
15226,train
15227,train
15228,train
15229,train
15230,train
15231,test
15232,train
15233,test
15234,train
15235,valid
15236,train
15237,train
15238,train
15239,test
15240,test
15241,train
15242,train
15243,train
15244,test
15245,train
15246,train
15247,train
15248,train
15249,train
15250,train
15251,valid
15252,train
15253,test
15254,train
15255,train
15256,train
15257,train
15258,train
15259,test
15260,train
15261,train
15262,train
15263,train
15264,train
15265,train
15266,train
15267,train
15268,test
15269,test
15270,train
15271,train
15272,train
15273,test
15274,test
15275,train
15276,train
15277,train
15278,train
15279,train
15280,train
15281,test
15282,test
15283,train
15284,train
15285,train
15286,train
15287,train
15288,train
15289,train
15290,test
15291,train
15292,test
15293,train
15294,test
15295,test
15296,train
15297,test
15298,test
15299,train
15300,test
15301,train
15302,train
15303,train
15304,train
15305,train
15306,train
15307,test
15308,train
15309,train
15310,train
15311,train
15312,train
15313,train
15314,train
15315,train
15316,train
15317,train
15318,train
15319,test
15320,valid
15321,test
15322,train
15323,test
15324,train
15325,train
15326,train
15327,valid
15328,train
15329,train
15330,train
15331,train
15332,train
15333,train
15334,train
15335,train
15336,valid
15337,train
15338,train
15339,valid
15340,valid
15341,train
15342,train
15343,train
15344,train
15345,train
15346,valid
15347,train
15348,valid
15349,train
15350,train
15351,test
15352,train
15353,train
15354,test
15355,train
15356,valid
15357,test
15358,train
15359,train
15360,train
15361,train
15362,test
15363,train
15364,train
15365,train
15366,test
15367,valid
15368,valid
15369,train
15370,train
15371,test
15372,valid
15373,train
15374,valid
15375,train
15376,train
15377,train
15378,test
15379,train
15380,train
15381,train
15382,test
15383,train
15384,train
15385,train
15386,train
15387,valid
15388,train
15389,test
15390,train
15391,train
15392,train
15393,train
15394,train
15395,test
15396,test
15397,valid
15398,train
15399,train
15400,test
15401,train
15402,train
15403,train
15404,train
15405,test
15406,test
15407,valid
15408,valid
15409,train
15410,train
15411,valid
15412,train
15413,test
15414,train
15415,train
15416,valid
15417,train
15418,train
15419,train
15420,train
15421,test
15422,test
15423,train
15424,train
15425,train
15426,train
15427,test
15428,test
15429,test
15430,test
15431,train
15432,valid
15433,train
15434,train
15435,train
15436,train
15437,test
15438,train
15439,valid
15440,train
15441,test
15442,train
15443,train
15444,train
15445,train
15446,train
15447,train
15448,train
15449,train
15450,train
15451,train
15452,train
15453,train
15454,valid
15455,train
15456,train
15457,train
15458,train
15459,train
15460,test
15461,train
15462,valid
15463,train
15464,valid
15465,train
15466,train
15467,train
15468,train
15469,train
15470,test
15471,train
15472,train
15473,train
15474,train
15475,train
15476,valid
15477,train
15478,train
15479,test
15480,valid
15481,train
15482,test
15483,train
15484,train
15485,test
15486,train
15487,test
15488,train
15489,valid
15490,train
15491,test
15492,test
15493,test
15494,train
15495,train
15496,train
15497,train
15498,test
15499,train
15500,train
15501,train
15502,train
15503,train
15504,train
15505,train
15506,train
15507,test
15508,valid
15509,test
15510,test
15511,train
15512,train
15513,train
15514,train
15515,train
15516,train
15517,test
15518,train
15519,test
15520,train
15521,valid
15522,test
15523,train
15524,train
15525,train
15526,valid
15527,train
15528,train
15529,train
15530,train
15531,valid
15532,train
15533,train
15534,test
15535,train
15536,test
15537,train
15538,test
15539,train
15540,train
15541,train
15542,train
15543,train
15544,train
15545,train
15546,train
15547,test
15548,test
15549,test
15550,train
15551,train
15552,train
15553,train
15554,train
15555,train
15556,train
15557,test
15558,test
15559,train
15560,valid
15561,train
15562,test
15563,train
15564,train
15565,train
15566,train
15567,train
15568,train
15569,test
15570,train
15571,valid
15572,test
15573,train
15574,test
15575,train
15576,train
15577,train
15578,train
15579,train
15580,test
15581,train
15582,train
15583,train
15584,train
15585,test
15586,train
15587,train
15588,train
15589,train
15590,train
15591,test
15592,train
15593,train
15594,train
15595,train
15596,train
15597,train
15598,train
15599,train
15600,train
15601,train
15602,train
15603,train
15604,train
15605,test
15606,train
15607,valid
15608,train
15609,train
15610,test
15611,train
15612,valid
15613,train
15614,train
15615,test
15616,train
15617,train
15618,train
15619,train
15620,train
15621,train
15622,test
15623,train
15624,train
15625,test
15626,test
15627,test
15628,train
15629,train
15630,train
15631,train
15632,test
15633,train
15634,train
15635,train
15636,train
15637,valid
15638,test
15639,train
15640,train
15641,train
15642,valid
15643,test
15644,train
15645,test
15646,test
15647,train
15648,train
15649,train
15650,train
15651,valid
15652,train
15653,valid
15654,train
15655,train
15656,train
15657,test
15658,test
15659,train
15660,train
15661,train
15662,test
15663,test
15664,train
15665,valid
15666,valid
15667,test
15668,train
15669,train
15670,train
15671,train
15672,train
15673,train
15674,valid
15675,valid
15676,train
15677,train
15678,train
15679,train
15680,valid
15681,train
15682,train
15683,train
15684,valid
15685,train
15686,train
15687,train
15688,train
15689,train
15690,train
15691,train
15692,test
15693,test
15694,train
15695,train
15696,test
15697,train
15698,test
15699,train
15700,valid
15701,train
15702,train
15703,train
15704,train
15705,train
15706,test
15707,train
15708,train
15709,train
15710,test
15711,train
15712,train
15713,test
15714,train
15715,valid
15716,valid
15717,test
15718,valid
15719,train
15720,train
15721,test
15722,train
15723,valid
15724,test
15725,test
15726,train
15727,train
15728,test
15729,train
15730,train
15731,train
15732,train
15733,train
15734,train
15735,train
15736,train
15737,train
15738,train
15739,train
15740,train
15741,train
15742,test
15743,train
15744,train
15745,train
15746,train
15747,train
15748,train
15749,train
15750,train
15751,train
15752,train
15753,test
15754,train
15755,train
15756,train
15757,train
15758,test
15759,train
15760,test
15761,train
15762,train
15763,train
15764,train
15765,train
15766,train
15767,test
15768,test
15769,train
15770,test
15771,train
15772,train
15773,test
15774,train
15775,valid
15776,train
15777,train
15778,train
15779,train
15780,train
15781,train
15782,train
15783,test
15784,test
15785,train
15786,train
15787,train
15788,train
15789,train
15790,train
15791,train
15792,train
15793,train
15794,test
15795,valid
15796,train
15797,valid
15798,train
15799,test
15800,train
15801,train
15802,train
15803,train
15804,train
15805,train
15806,test
15807,train
15808,test
15809,test
15810,train
15811,valid
15812,test
15813,train
15814,train
15815,train
15816,train
15817,train
15818,train
15819,train
15820,train
15821,test
15822,train
15823,train
15824,train
15825,train
15826,train
15827,train
15828,test
15829,train
15830,test
15831,train
15832,train
15833,test
15834,train
15835,valid
15836,train
15837,train
15838,train
15839,test
15840,train
15841,test
15842,train
15843,test
15844,test
15845,train
15846,train
15847,train
15848,train
15849,train
15850,train
15851,train
15852,valid
15853,test
15854,train
15855,train
15856,train
15857,train
15858,train
15859,train
15860,train
15861,test
15862,train
15863,test
15864,train
15865,valid
15866,test
15867,train
15868,train
15869,train
15870,test
15871,train
15872,train
15873,train
15874,train
15875,train
15876,test
15877,train
15878,train
15879,test
15880,train
15881,train
15882,train
15883,train
15884,train
15885,train
15886,test
15887,train
15888,train
15889,test
15890,train
15891,train
15892,valid
15893,train
15894,train
15895,train
15896,train
15897,train
15898,train
15899,train
15900,train
15901,train
15902,train
15903,test
15904,train
15905,train
15906,train
15907,train
15908,test
15909,train
15910,train
15911,train
15912,valid
15913,test
15914,train
15915,train
15916,test
15917,train
15918,valid
15919,train
15920,train
15921,train
15922,train
15923,test
15924,valid
15925,train
15926,train
15927,valid
15928,train
15929,train
15930,train
15931,train
15932,train
15933,train
15934,train
15935,train
15936,valid
15937,train
15938,train
15939,train
15940,test
15941,test
15942,train
15943,train
15944,train
15945,test
15946,train
15947,train
15948,train
15949,train
15950,train
15951,valid
15952,test
15953,train
15954,valid
15955,train
15956,test
15957,train
15958,train
15959,train
15960,train
15961,train
15962,test
15963,train
15964,train
15965,train
15966,train
15967,valid
15968,train
15969,test
15970,test
15971,train
15972,test
15973,train
15974,train
15975,test
15976,train
15977,train
15978,train
15979,test
15980,train
15981,test
15982,test
15983,train
15984,test
15985,test
15986,train
15987,valid
15988,train
15989,train
15990,train
15991,train
15992,train
15993,train
15994,train
15995,valid
15996,train
15997,train
15998,train
15999,valid
16000,test
16001,test
16002,valid
16003,train
16004,train
16005,train
16006,valid
16007,train
16008,test
16009,train
16010,train
16011,test
16012,train
16013,train
16014,train
16015,train
16016,train
16017,train
16018,valid
16019,train
16020,train
16021,train
16022,train
16023,train
16024,train
16025,train
16026,train
16027,test
16028,train
16029,train
16030,valid
16031,test
16032,test
16033,train
16034,train
16035,train
16036,valid
16037,test
16038,train
16039,train
16040,train
16041,train
16042,test
16043,valid
16044,train
16045,train
16046,test
16047,train
16048,test
16049,train
16050,train
16051,train
16052,train
16053,train
16054,train
16055,train
16056,test
16057,train
16058,train
16059,train
16060,train
16061,train
16062,train
16063,test
16064,train
16065,train
16066,train
16067,train
16068,test
16069,train
16070,test
16071,test
16072,train
16073,train
16074,train
16075,test
16076,train
16077,train
16078,train
16079,train
16080,train
16081,train
16082,train
16083,train
16084,train
16085,train
16086,test
16087,train
16088,train
16089,test
16090,train
16091,test
16092,train
16093,test
16094,train
16095,test
16096,test
16097,valid
16098,train
16099,train
16100,train
16101,train
16102,train
16103,train
16104,train
16105,train
16106,train
16107,train
16108,train
16109,train
16110,train
16111,test
16112,test
16113,train
16114,train
16115,test
16116,train
16117,train
16118,train
16119,train
16120,train
16121,train
16122,valid
16123,train
16124,train
16125,train
16126,train
16127,train
16128,train
16129,test
16130,test
16131,test
16132,train
16133,train
16134,train
16135,test
16136,train
16137,train
16138,train
16139,train
16140,test
16141,train
16142,valid
16143,train
16144,test
16145,test
16146,train
16147,test
16148,test
16149,train
16150,train
16151,train
16152,train
16153,train
16154,train
16155,train
16156,train
16157,train
16158,train
16159,train
16160,train
16161,train
16162,train
16163,train
16164,train
16165,test
16166,train
16167,test
16168,train
16169,test
16170,test
16171,train
16172,train
16173,train
16174,train
16175,valid
16176,test
16177,train
16178,test
16179,test
16180,train
16181,train
16182,test
16183,train
16184,train
16185,train
16186,test
16187,test
16188,train
16189,test
16190,test
16191,train
16192,train
16193,test
16194,train
16195,train
16196,train
16197,train
16198,train
16199,train
16200,train
16201,test
16202,test
16203,train
16204,train
16205,train
16206,train
16207,train
16208,valid
16209,test
16210,train
16211,train
16212,train
16213,train
16214,test
16215,train
16216,test
16217,train
16218,test
16219,valid
16220,test
16221,train
16222,train
16223,train
16224,valid
16225,test
16226,train
16227,train
16228,valid
16229,test
16230,test
16231,train
16232,test
16233,train
16234,test
16235,train
16236,train
16237,train
16238,train
16239,test
16240,train
16241,train
16242,train
16243,train
16244,valid
16245,train
16246,train
16247,train
16248,train
16249,train
16250,train
16251,test
16252,train
16253,valid
16254,train
16255,train
16256,train
16257,train
16258,test
16259,train
16260,train
16261,train
16262,train
16263,train
16264,train
16265,train
16266,valid
16267,test
16268,train
16269,train
16270,train
16271,test
16272,test
16273,train
16274,test
16275,train
16276,valid
16277,train
16278,train
16279,train
16280,train
16281,train
16282,train
16283,train
16284,valid
16285,train
16286,train
16287,train
16288,train
16289,train
16290,test
16291,train
16292,train
16293,train
16294,valid
16295,train
16296,train
16297,train
16298,test
16299,train
16300,train
16301,valid
16302,valid
16303,train
16304,train
16305,train
16306,train
16307,test
16308,train
16309,train
16310,train
16311,train
16312,train
16313,train
16314,test
16315,train
16316,train
16317,train
16318,train
16319,train
16320,test
16321,valid
16322,train
16323,train
16324,test
16325,test
16326,test
16327,train
16328,test
16329,test
16330,test
16331,train
16332,train
16333,test
16334,train
16335,test
16336,train
16337,train
16338,test
16339,train
16340,train
16341,train
16342,test
16343,train
16344,train
16345,train
16346,valid
16347,train
16348,valid
16349,train
16350,train
16351,train
16352,train
16353,train
16354,train
16355,test
16356,valid
16357,train
16358,train
16359,train
16360,test
16361,valid
16362,test
16363,train
16364,train
16365,train
16366,train
16367,train
16368,test
16369,test
16370,valid
16371,train
16372,train
16373,test
16374,train
16375,train
16376,valid
16377,train
16378,train
16379,train
16380,test
16381,train
16382,test
16383,train
16384,test
16385,train
16386,train
16387,train
16388,test
16389,train
16390,train
16391,train
16392,train
16393,test
16394,train
16395,test
16396,train
16397,train
16398,train
16399,test
16400,train
16401,train
16402,train
16403,train
16404,train
16405,test
16406,train
16407,train
16408,train
16409,train
16410,train
16411,valid
16412,train
16413,train
16414,train
16415,train
16416,test
16417,train
16418,train
16419,test
16420,test
16421,test
16422,test
16423,train
16424,test
16425,valid
16426,train
16427,test
16428,train
16429,train
16430,test
16431,test
16432,train
16433,train
16434,train
16435,test
16436,train
16437,train
16438,train
16439,train
16440,train
16441,train
16442,train
16443,test
16444,train
16445,test
16446,train
16447,train
16448,valid
16449,train
16450,train
16451,train
16452,test
16453,train
16454,train
16455,train
16456,train
16457,train
16458,train
16459,train
16460,train
16461,train
16462,train
16463,train
16464,test
16465,train
16466,valid
16467,test
16468,train
16469,test
16470,train
16471,valid
16472,train
16473,train
16474,valid
16475,train
16476,train
16477,train
16478,valid
16479,train
16480,train
16481,train
16482,test
16483,train
16484,test
16485,train
16486,test
16487,test
16488,train
16489,test
16490,train
16491,test
16492,train
16493,train
16494,train
16495,valid
16496,train
16497,test
16498,train
16499,train
16500,train
16501,train
16502,train
16503,train
16504,test
16505,train
16506,train
16507,test
16508,valid
16509,train
16510,train
16511,train
16512,test
16513,train
16514,valid
16515,train
16516,train
16517,test
16518,valid
16519,valid
16520,train
16521,test
16522,train
16523,train
16524,train
16525,train
16526,test
16527,valid
16528,train
16529,train
16530,train
16531,train
16532,valid
16533,train
16534,test
16535,valid
16536,train
16537,test
16538,train
16539,train
16540,test
16541,test
16542,train
16543,train
16544,test
16545,train
16546,valid
16547,train
16548,valid
16549,train
16550,train
16551,train
16552,train
16553,test
16554,train
16555,train
16556,valid
16557,train
16558,train
16559,train
16560,train
16561,train
16562,train
16563,train
16564,train
16565,train
16566,train
16567,train
16568,train
16569,train
16570,train
16571,train
16572,train
16573,train
16574,train
16575,train
16576,train
16577,train
16578,train
16579,train
16580,train
16581,train
16582,train
16583,train
16584,test
16585,test
16586,train
16587,test
16588,train
16589,train
16590,train
16591,train
16592,train
16593,train
16594,train
16595,train
16596,train
16597,valid
16598,train
16599,train
16600,train
16601,train
16602,train
16603,test
16604,train
16605,test
16606,train
16607,valid
16608,train
16609,train
16610,train
16611,train
16612,train
16613,train
16614,train
16615,train
16616,train
16617,train
16618,train
16619,train
16620,train
16621,test
16622,train
16623,valid
16624,train
16625,train
16626,train
16627,train
16628,train
16629,train
16630,test
16631,train
16632,train
16633,train
16634,train
16635,train
16636,train
16637,test
16638,valid
16639,train
16640,train
16641,train
16642,train
16643,train
16644,test
16645,valid
16646,train
16647,train
16648,test
16649,train
16650,train
16651,valid
16652,train
16653,train
16654,train
16655,train
16656,train
16657,train
16658,train
16659,train
16660,train
16661,train
16662,train
16663,train
16664,train
16665,train
16666,test
16667,valid
16668,valid
16669,test
16670,train
16671,test
16672,test
16673,train
16674,train
16675,train
16676,test
16677,train
16678,valid
16679,train
16680,train
16681,train
16682,test
16683,train
16684,test
16685,train
16686,train
16687,test
16688,test
16689,train
16690,test
16691,valid
16692,valid
16693,train
16694,test
16695,train
16696,train
16697,train
16698,test
16699,train
16700,train
16701,train
16702,train
16703,train
16704,test
16705,train
16706,train
16707,train
16708,train
16709,train
16710,train
16711,test
16712,train
16713,valid
16714,train
16715,train
16716,train
16717,valid
16718,train
16719,train
16720,train
16721,train
16722,train
16723,test
16724,train
16725,train
16726,train
16727,train
16728,train
16729,test
16730,train
16731,train
16732,test
16733,train
16734,train
16735,test
16736,train
16737,train
16738,test
16739,train
16740,test
16741,train
16742,test
16743,train
16744,train
16745,test
16746,train
16747,train
16748,train
16749,train
16750,train
16751,test
16752,train
16753,test
16754,train
16755,train
16756,train
16757,train
16758,train
16759,test
16760,train
16761,train
16762,train
16763,train
16764,train
16765,valid
16766,train
16767,valid
16768,train
16769,train
16770,train
16771,train
16772,train
16773,train
16774,test
16775,train
16776,train
16777,train
16778,train
16779,train
16780,train
16781,train
16782,train
16783,train
16784,train
16785,train
16786,train
16787,train
16788,valid
16789,train
16790,train
16791,train
16792,train
16793,test
16794,test
16795,train
16796,train
16797,train
16798,train
16799,test
16800,train
16801,train
16802,test
16803,valid
16804,train
16805,train
16806,train
16807,valid
16808,train
16809,test
16810,test
16811,test
16812,train
16813,train
16814,test
16815,train
16816,train
16817,valid
16818,train
16819,test
16820,train
16821,train
16822,train
16823,test
16824,test
16825,train
16826,valid
16827,train
16828,train
16829,train
16830,train
16831,train
16832,train
16833,train
16834,train
16835,test
16836,train
16837,valid
16838,train
16839,valid
16840,test
16841,train
16842,train
16843,test
16844,train
16845,train
16846,train
16847,train
16848,test
16849,train
16850,train
16851,train
16852,train
16853,train
16854,test
16855,train
16856,train
16857,test
16858,test
16859,test
16860,valid
16861,train
16862,train
16863,train
16864,train
16865,train
16866,train
16867,train
16868,test
16869,train
16870,train
16871,valid
16872,train
16873,train
16874,train
16875,train
16876,test
16877,train
16878,train
16879,train
16880,train
16881,valid
16882,train
16883,train
16884,train
16885,train
16886,train
16887,test
16888,test
16889,train
16890,train
16891,valid
16892,train
16893,valid
16894,test
16895,train
16896,train
16897,train
16898,train
16899,train
16900,valid
16901,train
16902,valid
16903,test
16904,train
16905,train
16906,valid
16907,train
16908,train
16909,train
16910,train
16911,train
16912,train
16913,train
16914,train
16915,test
16916,train
16917,train
16918,train
16919,train
16920,train
16921,train
16922,train
16923,test
16924,train
16925,train
16926,train
16927,train
16928,train
16929,train
16930,train
16931,test
16932,train
16933,valid
16934,train
16935,valid
16936,train
16937,test
16938,valid
16939,test
16940,train
16941,train
16942,test
16943,train
16944,train
16945,train
16946,train
16947,train
16948,train
16949,test
16950,train
16951,train
16952,train
16953,test
16954,train
16955,test
16956,train
16957,train
16958,train
16959,train
16960,train
16961,test
16962,train
16963,train
16964,train
16965,train
16966,train
16967,train
16968,train
16969,valid
16970,train
16971,train
16972,test
16973,valid
16974,train
16975,test
16976,test
16977,test
16978,train
16979,train
16980,train
16981,train
16982,train
16983,test
16984,train
16985,train
16986,test
16987,train
16988,train
16989,train
16990,train
16991,train
16992,train
16993,train
16994,test
16995,train
16996,train
16997,valid
16998,train
16999,train
17000,train
17001,train
17002,valid
17003,train
17004,train
17005,train
17006,test
17007,train
17008,valid
17009,test
17010,train
17011,train
17012,train
17013,train
17014,train
17015,train
17016,train
17017,valid
17018,train
17019,valid
17020,train
17021,test
17022,test
17023,train
17024,test
17025,train
17026,train
17027,train
17028,train
17029,valid
17030,train
17031,train
17032,train
17033,valid
17034,train
17035,train
17036,train
17037,test
17038,train
17039,train
17040,test
17041,train
17042,test
17043,train
17044,train
17045,train
17046,valid
17047,train
17048,train
17049,test
17050,train
17051,train
17052,train
17053,train
17054,train
17055,train
17056,valid
17057,test
17058,train
17059,train
17060,train
17061,test
17062,train
17063,test
17064,train
17065,train
17066,valid
17067,test
17068,test
17069,train
17070,valid
17071,train
17072,train
17073,train
17074,train
17075,train
17076,train
17077,train
17078,train
17079,train
17080,train
17081,train
17082,valid
17083,train
17084,test
17085,train
17086,train
17087,valid
17088,train
17089,train
17090,test
17091,valid
17092,train
17093,train
17094,train
17095,valid
17096,train
17097,train
17098,valid
17099,valid
17100,train
17101,train
17102,train
17103,train
17104,train
17105,train
17106,valid
17107,train
17108,train
17109,test
17110,valid
17111,train
17112,train
17113,test
17114,train
17115,train
17116,test
17117,train
17118,test
17119,valid
17120,train
17121,train
17122,train
17123,train
17124,test
17125,train
17126,train
17127,train
17128,train
17129,train
17130,train
17131,train
17132,train
17133,train
17134,train
17135,train
17136,test
17137,train
17138,train
17139,valid
17140,train
17141,train
17142,train
17143,test
17144,train
17145,valid
17146,train
17147,train
17148,test
17149,train
17150,train
17151,train
17152,train
17153,train
17154,train
17155,train
17156,valid
17157,test
17158,train
17159,train
17160,train
17161,train
17162,test
17163,train
17164,train
17165,valid
17166,train
17167,test
17168,train
17169,train
17170,train
17171,train
17172,train
17173,train
17174,train
17175,train
17176,train
17177,test
17178,train
17179,train
17180,test
17181,train
17182,valid
17183,train
17184,train
17185,test
17186,train
17187,train
17188,train
17189,train
17190,train
17191,train
17192,test
17193,train
17194,train
17195,valid
17196,train
17197,train
17198,train
17199,valid
17200,train
17201,train
17202,train
17203,train
17204,train
17205,test
17206,train
17207,train
17208,train
17209,train
17210,train
17211,train
17212,train
17213,train
17214,valid
17215,train
17216,test
17217,train
17218,train
17219,train
17220,test
17221,test
17222,train
17223,train
17224,test
17225,train
17226,train
17227,train
17228,test
17229,train
17230,train
17231,train
17232,train
17233,train
17234,test
17235,train
17236,train
17237,train
17238,test
17239,test
17240,train
17241,train
17242,valid
17243,test
17244,train
17245,train
17246,train
17247,train
17248,train
17249,train
17250,train
17251,train
17252,train
17253,test
17254,train
17255,train
17256,train
17257,train
17258,train
17259,train
17260,test
17261,train
17262,train
17263,train
17264,train
17265,train
17266,train
17267,valid
17268,train
17269,test
17270,test
17271,train
17272,train
17273,train
17274,train
17275,train
17276,train
17277,train
17278,train
17279,test
17280,train
17281,train
17282,train
17283,train
17284,train
17285,train
17286,train
17287,train
17288,train
17289,valid
17290,train
17291,train
17292,test
17293,train
17294,test
17295,train
17296,test
17297,train
17298,train
17299,train
17300,test
17301,train
17302,train
17303,train
17304,valid
17305,train
17306,train
17307,test
17308,test
17309,train
17310,test
17311,train
17312,train
17313,train
17314,train
17315,valid
17316,test
17317,train
17318,train
17319,test
17320,train
17321,train
17322,train
17323,train
17324,train
17325,valid
17326,train
17327,train
17328,train
17329,train
17330,train
17331,train
17332,train
17333,train
17334,train
17335,train
17336,train
17337,train
17338,train
17339,train
17340,test
17341,valid
17342,test
17343,train
17344,valid
17345,train
17346,train
17347,train
17348,train
17349,train
17350,test
17351,train
17352,test
17353,train
17354,train
17355,test
17356,train
17357,valid
17358,train
17359,train
17360,train
17361,train
17362,train
17363,valid
17364,train
17365,train
17366,train
17367,valid
17368,train
17369,train
17370,train
17371,train
17372,train
17373,test
17374,train
17375,train
17376,train
17377,train
17378,test
17379,train
17380,train
17381,train
17382,test
17383,train
17384,train
17385,train
17386,test
17387,test
17388,train
17389,train
17390,valid
17391,train
17392,test
17393,train
17394,train
17395,train
17396,train
17397,train
17398,train
17399,train
17400,test
17401,train
17402,train
17403,valid
17404,train
17405,valid
17406,valid
17407,train
17408,train
17409,train
17410,train
17411,test
17412,test
17413,train
17414,train
17415,train
17416,train
17417,train
17418,train
17419,train
17420,train
17421,valid
17422,train
17423,train
17424,train
17425,train
17426,test
17427,test
17428,valid
17429,test
17430,train
17431,valid
17432,valid
17433,train
17434,test
17435,train
17436,train
17437,valid
17438,test
17439,train
17440,train
17441,train
17442,test
17443,train
17444,train
17445,train
17446,train
17447,train
17448,train
17449,test
17450,valid
17451,valid
17452,train
17453,test
17454,train
17455,train
17456,train
17457,train
17458,train
17459,valid
17460,train
17461,test
17462,train
17463,test
17464,train
17465,test
17466,train
17467,test
17468,test
17469,valid
17470,test
17471,train
17472,valid
17473,train
17474,test
17475,test
17476,train
17477,train
17478,test
17479,train
17480,train
17481,train
17482,test
17483,train
17484,train
17485,train
17486,train
17487,train
17488,train
17489,train
17490,test
17491,train
17492,test
17493,train
17494,train
17495,train
17496,train
17497,train
17498,test
17499,test
17500,train
17501,train
17502,test
17503,train
17504,valid
17505,train
17506,train
17507,train
17508,test
17509,train
17510,train
17511,train
17512,train
17513,test
17514,train
17515,train
17516,train
17517,train
17518,train
17519,train
17520,train
17521,train
17522,test
17523,train
17524,train
17525,train
17526,test
17527,train
17528,test
17529,train
17530,train
17531,train
17532,train
17533,train
17534,test
17535,test
17536,train
17537,test
17538,valid
17539,valid
17540,test
17541,train
17542,test
17543,train
17544,train
17545,test
17546,valid
17547,test
17548,test
17549,train
17550,test
17551,valid
17552,train
17553,test
17554,valid
17555,train
17556,train
17557,test
17558,test
17559,train
17560,test
17561,valid
17562,train
17563,test
17564,train
17565,test
17566,train
17567,train
17568,train
17569,valid
17570,train
17571,train
17572,train
17573,train
17574,train
17575,train
17576,train
17577,train
17578,train
17579,test
17580,train
17581,valid
17582,test
17583,train
17584,test
17585,train
17586,valid
17587,train
17588,train
17589,train
17590,valid
17591,test
17592,train
17593,train
17594,train
17595,train
17596,test
17597,test
17598,train
17599,train
17600,train
17601,valid
17602,train
17603,train
17604,train
17605,train
17606,test
17607,train
17608,train
17609,train
17610,valid
17611,test
17612,train
17613,train
17614,train
17615,train
17616,train
17617,valid
17618,train
17619,train
17620,train
17621,test
17622,train
17623,train
17624,train
17625,train
17626,train
17627,valid
17628,train
17629,test
17630,train
17631,train
17632,test
17633,train
17634,train
17635,train
17636,train
17637,train
17638,train
17639,train
17640,test
17641,train
17642,train
17643,train
17644,train
17645,train
17646,train
17647,train
17648,test
17649,train
17650,valid
17651,train
17652,test
17653,train
17654,train
17655,test
17656,train
17657,test
17658,test
17659,train
17660,test
17661,train
17662,valid
17663,train
17664,train
17665,train
17666,test
17667,train
17668,train
17669,train
17670,train
17671,train
17672,train
17673,valid
17674,test
17675,train
17676,train
17677,valid
17678,train
17679,test
17680,train
17681,valid
17682,valid
17683,valid
17684,train
17685,train
17686,train
17687,train
17688,train
17689,test
17690,train
17691,train
17692,train
17693,train
17694,train
17695,train
17696,train
17697,train
17698,test
17699,train
17700,train
17701,train
17702,train
17703,train
17704,train
17705,train
17706,test
17707,train
17708,train
17709,train
17710,train
17711,test
17712,train
17713,test
17714,train
17715,train
17716,train
17717,train
17718,train
17719,train
17720,valid
17721,test
17722,train
17723,train
17724,train
17725,train
17726,valid
17727,train
17728,train
17729,train
17730,test
17731,train
17732,test
17733,train
17734,train
17735,test
17736,train
17737,train
17738,train
17739,train
17740,train
17741,train
17742,train
17743,train
17744,train
17745,test
17746,valid
17747,train
17748,test
17749,train
17750,train
17751,train
17752,train
17753,train
17754,train
17755,train
17756,train
17757,test
17758,test
17759,train
17760,test
17761,valid
17762,train
17763,train
17764,test
17765,train
17766,train
17767,test
17768,train
17769,test
17770,test
17771,train
17772,valid
17773,train
17774,train
17775,train
17776,train
17777,test
17778,train
17779,train
17780,train
17781,train
17782,test
17783,train
17784,train
17785,train
17786,valid
17787,test
17788,valid
17789,train
17790,test
17791,valid
17792,test
17793,train
17794,train
17795,valid
17796,train
17797,train
17798,test
17799,train
17800,train
17801,train
17802,train
17803,test
17804,train
17805,train
17806,train
17807,valid
17808,train
17809,test
17810,train
17811,train
17812,train
17813,train
17814,train
17815,test
17816,train
17817,test
17818,train
17819,train
17820,test
17821,valid
17822,train
17823,test
17824,train
17825,train
17826,test
17827,train
17828,test
17829,train
17830,test
17831,train
17832,train
17833,train
17834,train
17835,test
17836,train
17837,train
17838,test
17839,train
17840,train
17841,train
17842,train
17843,train
17844,train
17845,valid
17846,train
17847,test
17848,valid
17849,train
17850,train
17851,train
17852,train
17853,train
17854,train
17855,test
17856,train
17857,train
17858,train
17859,train
17860,train
17861,train
17862,train
17863,train
17864,train
17865,train
17866,valid
17867,valid
17868,train
17869,train
17870,valid
17871,train
17872,valid
17873,test
17874,test
17875,train
17876,train
17877,train
17878,test
17879,train
17880,train
17881,train
17882,train
17883,train
17884,train
17885,test
17886,train
17887,valid
17888,test
17889,train
17890,train
17891,test
17892,train
17893,train
17894,valid
17895,test
17896,test
17897,train
17898,valid
17899,train
17900,train
17901,train
17902,train
17903,train
17904,test
17905,train
17906,valid
17907,test
17908,train
17909,train
17910,train
17911,train
17912,train
17913,train
17914,test
17915,train
17916,train
17917,train
17918,train
17919,test
17920,valid
17921,train
17922,train
17923,train
17924,test
17925,train
17926,train
17927,test
17928,train
17929,test
17930,train
17931,test
17932,train
17933,train
17934,test
17935,test
17936,train
17937,test
17938,train
17939,test
17940,train
17941,valid
17942,test
17943,valid
17944,train
17945,test
17946,train
17947,train
17948,train
17949,train
17950,train
17951,train
17952,train
17953,train
17954,train
17955,train
17956,valid
17957,test
17958,test
17959,train
17960,test
17961,valid
17962,train
17963,train
17964,train
17965,train
17966,train
17967,train
17968,test
17969,train
17970,train
17971,test
17972,train
17973,train
17974,train
17975,train
17976,train
17977,train
17978,train
17979,train
17980,test
17981,train
17982,test
17983,test
17984,train
17985,test
17986,train
17987,train
17988,train
17989,train
17990,train
17991,train
17992,train
17993,test
17994,train
17995,train
17996,test
17997,test
17998,train
17999,train
18000,train
18001,train
18002,test
18003,test
18004,train
18005,train
18006,test
18007,test
18008,train
18009,train
18010,train
18011,train
18012,train
18013,test
18014,test
18015,train
18016,train
18017,train
18018,valid
18019,train
18020,train
18021,valid
18022,test
18023,test
18024,train
18025,train
18026,test
18027,test
18028,train
18029,train
18030,train
18031,train
18032,valid
18033,train
18034,train
18035,test
18036,train
18037,train
18038,train
18039,train
18040,train
18041,train
18042,train
18043,train
18044,train
18045,train
18046,train
18047,test
18048,train
18049,train
18050,train
18051,train
18052,train
18053,train
18054,train
18055,train
18056,train
18057,test
18058,train
18059,train
18060,valid
18061,train
18062,train
18063,train
18064,valid
18065,train
18066,train
18067,train
18068,test
18069,train
18070,test
18071,train
18072,train
18073,train
18074,train
18075,valid
18076,train
18077,test
18078,train
18079,train
18080,train
18081,train
18082,train
18083,test
18084,train
18085,test
18086,train
18087,train
18088,test
18089,train
18090,train
18091,train
18092,valid
18093,test
18094,train
18095,train
18096,train
18097,valid
18098,test
18099,test
18100,valid
18101,train
18102,train
18103,train
18104,train
18105,test
18106,valid
18107,test
18108,train
18109,train
18110,train
18111,train
18112,test
18113,train
18114,train
18115,train
18116,test
18117,train
18118,train
18119,test
18120,test
18121,train
18122,test
18123,train
18124,train
18125,test
18126,train
18127,train
18128,train
18129,train
18130,train
18131,train
18132,test
18133,train
18134,train
18135,test
18136,train
18137,test
18138,train
18139,train
18140,test
18141,test
18142,train
18143,train
18144,train
18145,train
18146,test
18147,train
18148,train
18149,train
18150,test
18151,train
18152,train
18153,train
18154,test
18155,test
18156,train
18157,train
18158,train
18159,train
18160,train
18161,train
18162,train
18163,train
18164,train
18165,train
18166,train
18167,train
18168,train
18169,valid
18170,train
18171,test
18172,train
18173,train
18174,train
18175,train
18176,train
18177,train
18178,train
18179,train
18180,train
18181,train
18182,train
18183,train
18184,train
18185,train
18186,train
18187,train
18188,test
18189,train
18190,test
18191,train
18192,test
18193,train
18194,train
18195,test
18196,test
18197,train
18198,train
18199,test
18200,train
18201,train
18202,train
18203,train
18204,train
18205,test
18206,train
18207,train
18208,train
18209,test
18210,train
18211,train
18212,train
18213,train
18214,valid
18215,train
18216,train
18217,train
18218,train
18219,train
18220,train
18221,train
18222,train
18223,train
18224,train
18225,train
18226,train
18227,train
18228,valid
18229,train
18230,train
18231,train
18232,train
18233,train
18234,train
18235,test
18236,train
18237,train
18238,train
18239,train
18240,test
18241,train
18242,valid
18243,test
18244,train
18245,train
18246,train
18247,train
18248,test
18249,train
18250,train
18251,test
18252,train
18253,train
18254,train
18255,train
18256,train
18257,train
18258,train
18259,test
18260,valid
18261,train
18262,train
18263,train
18264,train
18265,test
18266,train
18267,valid
18268,test
18269,train
18270,test
18271,train
18272,train
18273,train
18274,valid
18275,train
18276,train
18277,train
18278,test
18279,valid
18280,train
18281,train
18282,train
18283,train
18284,test
18285,valid
18286,train
18287,train
18288,train
18289,test
18290,train
18291,train
18292,train
18293,train
18294,train
18295,train
18296,test
18297,train
18298,train
18299,valid
18300,valid
18301,train
18302,train
18303,train
18304,train
18305,valid
18306,train
18307,test
18308,test
18309,test
18310,train
18311,test
18312,train
18313,train
18314,train
18315,train
18316,train
18317,train
18318,train
18319,test
18320,valid
18321,train
18322,train
18323,valid
18324,train
18325,train
18326,train
18327,train
18328,train
18329,valid
18330,test
18331,train
18332,train
18333,test
18334,train
18335,train
18336,train
18337,train
18338,test
18339,train
18340,train
18341,test
18342,test
18343,train
18344,train
18345,train
18346,train
18347,train
18348,train
18349,test
18350,train
18351,valid
18352,train
18353,train
18354,test
18355,train
18356,train
18357,train
18358,train
18359,train
18360,test
18361,valid
18362,train
18363,train
18364,train
18365,train
18366,train
18367,train
18368,test
18369,test
18370,train
18371,train
18372,valid
18373,train
18374,test
18375,train
18376,train
18377,train
18378,train
18379,valid
18380,train
18381,train
18382,train
18383,train
18384,train
18385,train
18386,train
18387,test
18388,test
18389,test
18390,train
18391,train
18392,test
18393,train
18394,train
18395,train
18396,train
18397,test
18398,test
18399,train
18400,test
18401,train
18402,train
18403,train
18404,test
18405,train
18406,train
18407,train
18408,train
18409,train
18410,train
18411,train
18412,train
18413,valid
18414,train
18415,train
18416,train
18417,train
18418,train
18419,test
18420,train
18421,test
18422,test
18423,train
18424,test
18425,train
18426,train
18427,train
18428,train
18429,train
18430,train
18431,train
18432,train
18433,train
18434,train
18435,test
18436,train
18437,train
18438,train
18439,test
18440,train
18441,valid
18442,train
18443,test
18444,train
18445,valid
18446,valid
18447,train
18448,train
18449,test
18450,train
18451,train
18452,train
18453,train
18454,train
18455,train
18456,train
18457,test
18458,train
18459,train
18460,train
18461,train
18462,train
18463,test
18464,valid
18465,test
18466,test
18467,test
18468,valid
18469,train
18470,train
18471,train
18472,train
18473,valid
18474,test
18475,train
18476,train
18477,test
18478,test
18479,train
18480,test
18481,train
18482,train
18483,train
18484,train
18485,train
18486,valid
18487,train
18488,test
18489,train
18490,train
18491,valid
18492,train
18493,test
18494,train
18495,train
18496,test
18497,train
18498,test
18499,valid
18500,train
18501,train
18502,train
18503,test
18504,train
18505,train
18506,test
18507,test
18508,train
18509,train
18510,train
18511,train
18512,test
18513,valid
18514,valid
18515,train
18516,test
18517,test
18518,train
18519,train
18520,train
18521,train
18522,train
18523,train
18524,train
18525,train
18526,train
18527,valid
18528,train
18529,test
18530,train
18531,test
18532,train
18533,valid
18534,train
18535,test
18536,valid
18537,test
18538,train
18539,train
18540,train
18541,train
18542,test
18543,train
18544,train
18545,train
18546,train
18547,train
18548,test
18549,test
18550,train
18551,train
18552,train
18553,test
18554,test
18555,train
18556,valid
18557,train
18558,train
18559,train
18560,train
18561,train
18562,test
18563,train
18564,valid
18565,valid
18566,train
18567,train
18568,train
18569,valid
18570,train
18571,train
18572,test
18573,train
18574,train
18575,train
18576,test
18577,train
18578,train
18579,valid
18580,train
18581,train
18582,train
18583,valid
18584,valid
18585,train
18586,valid
18587,test
18588,train
18589,train
18590,train
18591,test
18592,train
18593,valid
18594,train
18595,train
18596,train
18597,train
18598,train
18599,train
18600,test
18601,test
18602,train
18603,train
18604,test
18605,valid
18606,train
18607,train
18608,train
18609,train
18610,train
18611,train
18612,train
18613,train
18614,train
18615,test
18616,train
18617,train
18618,valid
18619,valid
18620,train
18621,train
18622,train
18623,test
18624,valid
18625,train
18626,train
18627,train
18628,train
18629,train
18630,train
18631,valid
18632,train
18633,train
18634,train
18635,valid
18636,train
18637,train
18638,valid
18639,train
18640,train
18641,train
18642,train
18643,train
18644,train
18645,train
18646,train
18647,train
18648,train
18649,test
18650,train
18651,train
18652,train
18653,valid
18654,train
18655,train
18656,train
18657,test
18658,train
18659,train
18660,test
18661,train
18662,train
18663,train
18664,train
18665,train
18666,test
18667,test
18668,train
18669,train
18670,train
18671,test
18672,train
18673,test
18674,train
18675,train
18676,test
18677,test
18678,train
18679,train
18680,train
18681,train
18682,train
18683,train
18684,test
18685,train
18686,train
18687,train
18688,valid
18689,train
18690,train
18691,train
18692,train
18693,train
18694,valid
18695,test
18696,train
18697,train
18698,test
18699,train
18700,train
18701,train
18702,train
18703,train
18704,train
18705,train
18706,train
18707,train
18708,train
18709,train
18710,train
18711,train
18712,valid
18713,train
18714,train
18715,train
18716,test
18717,test
18718,test
18719,train
18720,valid
18721,test
18722,train
18723,train
18724,train
18725,test
18726,train
18727,train
18728,train
18729,valid
18730,train
18731,train
18732,train
18733,train
18734,train
18735,train
18736,test
18737,train
18738,train
18739,train
18740,train
18741,valid
18742,valid
18743,train
18744,train
18745,valid
18746,train
18747,train
18748,test
18749,train
18750,train
18751,test
18752,train
18753,train
18754,train
18755,test
18756,train
18757,valid
18758,test
18759,valid
18760,train
18761,train
18762,train
18763,test
18764,train
18765,test
18766,train
18767,test
18768,train
18769,train
18770,train
18771,test
18772,train
18773,train
18774,train
18775,train
18776,test
18777,test
18778,valid
18779,valid
18780,test
18781,train
18782,train
18783,train
18784,test
18785,valid
18786,train
18787,test
18788,valid
18789,test
18790,train
18791,train
18792,train
18793,train
18794,train
18795,test
18796,valid
18797,train
18798,test
18799,train
18800,train
18801,train
18802,test
18803,train
18804,train
18805,test
18806,train
18807,train
18808,train
18809,test
18810,train
18811,train
18812,train
18813,train
18814,train
18815,train
18816,train
18817,train
18818,train
18819,valid
18820,test
18821,valid
18822,test
18823,train
18824,test
18825,train
18826,train
18827,train
18828,valid
18829,train
18830,test
18831,train
18832,test
18833,test
18834,train
18835,train
18836,test
18837,test
18838,valid
18839,test
18840,test
18841,train
18842,train
18843,test
18844,train
18845,train
18846,valid
18847,test
18848,train
18849,train
18850,train
18851,train
18852,train
18853,train
18854,train
18855,train
18856,test
18857,test
18858,test
18859,test
18860,train
18861,valid
18862,test
18863,train
18864,train
18865,test
18866,train
18867,valid
18868,train
18869,train
18870,test
18871,train
18872,train
18873,train
18874,train
18875,test
18876,test
18877,train
18878,train
18879,test
18880,train
18881,train
18882,train
18883,test
18884,train
18885,train
18886,train
18887,train
18888,train
18889,train
18890,train
18891,train
18892,train
18893,train
18894,test
18895,train
18896,train
18897,test
18898,train
18899,test
18900,test
18901,test
18902,train
18903,test
18904,test
18905,train
18906,train
18907,train
18908,test
18909,train
18910,test
18911,train
18912,train
18913,train
18914,valid
18915,test
18916,train
18917,train
18918,train
18919,train
18920,train
18921,train
18922,train
18923,valid
18924,test
18925,train
18926,valid
18927,test
18928,test
18929,train
18930,train
18931,train
18932,train
18933,train
18934,train
18935,train
18936,train
18937,train
18938,train
18939,train
18940,train
18941,train
18942,train
18943,train
18944,train
18945,valid
18946,train
18947,valid
18948,train
18949,test
18950,train
18951,train
18952,train
18953,train
18954,train
18955,valid
18956,train
18957,train
18958,train
18959,train
18960,train
18961,train
18962,train
18963,train
18964,train
18965,train
18966,train
18967,train
18968,train
18969,test
18970,train
18971,test
18972,train
18973,train
18974,train
18975,train
18976,train
18977,train
18978,train
18979,train
18980,train
18981,test
18982,valid
18983,train
18984,train
18985,train
18986,test
18987,train
18988,train
18989,train
18990,test
18991,train
18992,train
18993,test
18994,test
18995,train
18996,valid
18997,test
18998,train
18999,train
19000,train
19001,train
19002,train
19003,test
19004,train
19005,test
19006,train
19007,valid
19008,train
19009,train
19010,train
19011,train
19012,train
19013,train
19014,train
19015,test
19016,train
19017,train
19018,train
19019,train
19020,train
19021,test
19022,test
19023,valid
19024,train
19025,valid
19026,train
19027,train
19028,train
19029,train
19030,train
19031,valid
19032,train
19033,train
19034,train
19035,valid
19036,test
19037,train
19038,train
19039,train
19040,test
19041,train
19042,valid
19043,train
19044,test
19045,train
19046,train
19047,test
19048,train
19049,test
19050,valid
19051,train
19052,test
19053,valid
19054,train
19055,train
19056,train
19057,train
19058,valid
19059,train
19060,train
19061,train
19062,train
19063,train
19064,train
19065,test
19066,train
19067,train
19068,train
19069,test
19070,train
19071,test
19072,train
19073,train
19074,train
19075,train
19076,train
19077,train
19078,train
19079,test
19080,train
19081,train
19082,train
19083,train
19084,train
19085,train
19086,train
19087,train
19088,train
19089,train
19090,train
19091,test
19092,train
19093,train
19094,train
19095,train
19096,train
19097,train
19098,train
19099,train
19100,test
19101,train
19102,train
19103,test
19104,train
19105,train
19106,train
19107,test
19108,train
19109,test
19110,train
19111,train
19112,train
19113,train
19114,test
19115,train
19116,train
19117,train
19118,train
19119,train
19120,train
19121,train
19122,valid
19123,train
19124,train
19125,train
19126,train
19127,train
19128,train
19129,train
19130,train
19131,train
19132,train
19133,train
19134,test
19135,test
19136,train
19137,train
19138,test
19139,train
19140,test
19141,test
19142,train
19143,train
19144,train
19145,train
19146,train
19147,train
19148,train
19149,train
19150,train
19151,test
19152,train
19153,train
19154,test
19155,train
19156,test
19157,train
19158,train
19159,train
19160,train
19161,train
19162,test
19163,train
19164,test
19165,valid
19166,train
19167,train
19168,valid
19169,train
19170,train
19171,train
19172,train
19173,train
19174,train
19175,train
19176,train
19177,train
19178,train
19179,train
19180,train
19181,train
19182,train
19183,valid
19184,train
19185,train
19186,valid
19187,train
19188,valid
19189,train
19190,test
19191,train
19192,train
19193,train
19194,train
19195,valid
19196,train
19197,test
19198,train
19199,train
19200,train
19201,test
19202,valid
19203,valid
19204,train
19205,valid
19206,train
19207,train
19208,test
19209,valid
19210,train
19211,train
19212,train
19213,train
19214,valid
19215,train
19216,train
19217,train
19218,train
19219,train
19220,test
19221,train
19222,test
19223,train
19224,train
19225,train
19226,train
19227,train
19228,test
19229,train
19230,train
19231,train
19232,test
19233,train
19234,train
19235,test
19236,train
19237,test
19238,test
19239,train
19240,train
19241,train
19242,train
19243,train
19244,train
19245,test
19246,train
19247,test
19248,train
19249,test
19250,train
19251,valid
19252,train
19253,train
19254,train
19255,train
19256,train
19257,train
19258,train
19259,train
19260,valid
19261,train
19262,test
19263,train
19264,train
19265,train
19266,train
19267,train
19268,train
19269,train
19270,train
19271,train
19272,test
19273,valid
19274,train
19275,valid
19276,train
19277,train
19278,train
19279,test
19280,test
19281,train
19282,train
19283,train
19284,train
19285,train
19286,train
19287,test
19288,train
19289,train
19290,train
19291,test
19292,train
19293,train
19294,train
19295,test
19296,train
19297,train
19298,test
19299,valid
19300,train
19301,train
19302,train
19303,train
19304,train
19305,valid
19306,train
19307,test
19308,train
19309,valid
19310,train
19311,test
19312,valid
19313,valid
19314,train
19315,train
19316,train
19317,test
19318,train
19319,valid
19320,train
19321,train
19322,train
19323,train
19324,train
19325,train
19326,train
19327,test
19328,test
19329,train
19330,train
19331,train
19332,valid
19333,valid
19334,train
19335,train
19336,train
19337,train
19338,train
19339,test
19340,test
19341,train
19342,test
19343,train
19344,train
19345,train
19346,train
19347,train
19348,test
19349,train
19350,valid
19351,test
19352,train
19353,train
19354,test
19355,train
19356,train
19357,valid
19358,train
19359,train
19360,train
19361,train
19362,valid
19363,train
19364,train
19365,train
19366,valid
19367,train
19368,train
19369,test
19370,train
19371,train
19372,train
19373,train
19374,test
19375,valid
19376,train
19377,train
19378,train
19379,train
19380,test
19381,train
19382,train
19383,train
19384,train
19385,valid
19386,train
19387,test
19388,test
19389,train
19390,train
19391,train
19392,test
19393,valid
19394,train
19395,valid
19396,test
19397,test
19398,train
19399,train
19400,train
19401,train
19402,train
19403,train
19404,train
19405,train
19406,test
19407,train
19408,train
19409,train
19410,train
19411,train
19412,train
19413,train
19414,train
19415,train
19416,train
19417,train
19418,train
19419,train
19420,train
19421,train
19422,train
19423,train
19424,train
19425,test
19426,test
19427,train
19428,train
19429,train
19430,train
19431,train
19432,valid
19433,train
19434,test
19435,train
19436,test
19437,train
19438,train
19439,test
19440,train
19441,train
19442,test
19443,train
19444,valid
19445,train
19446,train
19447,train
19448,valid
19449,train
19450,train
19451,train
19452,valid
19453,train
19454,test
19455,train
19456,test
19457,valid
19458,train
19459,train
19460,train
19461,train
19462,train
19463,train
19464,train
19465,train
19466,valid
19467,train
19468,test
19469,train
19470,test
19471,train
19472,train
19473,train
19474,train
19475,train
19476,train
19477,valid
19478,train
19479,test
19480,train
19481,train
19482,train
19483,test
19484,train
19485,train
19486,train
19487,train
19488,train
19489,train
19490,train
19491,test
19492,train
19493,train
19494,train
19495,train
19496,train
19497,train
19498,valid
19499,train
19500,test
19501,test
19502,train
19503,train
19504,train
19505,train
19506,test
19507,train
19508,train
19509,train
19510,train
19511,valid
19512,valid
19513,test
19514,test
19515,train
19516,train
19517,test
19518,train
19519,test
19520,train
19521,train
19522,test
19523,train
19524,valid
19525,test
19526,test
19527,train
19528,test
19529,train
19530,train
19531,valid
19532,train
19533,train
19534,train
19535,train
19536,train
19537,train
19538,train
19539,train
19540,train
19541,train
19542,train
19543,train
19544,train
19545,train
19546,valid
19547,train
19548,train
19549,test
19550,valid
19551,train
19552,train
19553,valid
19554,train
19555,train
19556,train
19557,train
19558,train
19559,train
19560,train
19561,test
19562,train
19563,test
19564,train
19565,train
19566,test
19567,train
19568,train
19569,train
19570,valid
19571,test
19572,train
19573,train
19574,train
19575,train
19576,valid
19577,train
19578,test
19579,valid
19580,train
19581,train
19582,valid
19583,train
19584,train
19585,valid
19586,train
19587,test
19588,train
19589,test
19590,train
19591,train
19592,train
19593,test
19594,valid
19595,train
19596,train
19597,train
19598,train
19599,test
19600,train
19601,train
19602,train
19603,test
19604,train
19605,train
19606,test
19607,train
19608,train
19609,test
19610,train
19611,train
19612,train
19613,train
19614,train
19615,train
19616,train
19617,test
19618,test
19619,test
19620,train
19621,train
19622,train
19623,train
19624,train
19625,train
19626,train
19627,train
19628,train
19629,test
19630,train
19631,train
19632,train
19633,valid
19634,test
19635,train
19636,train
19637,test
19638,test
19639,train
19640,test
19641,train
19642,train
19643,train
19644,train
19645,valid
19646,train
19647,test
19648,train
19649,train
19650,valid
19651,train
19652,train
19653,train
19654,test
19655,test
19656,valid
19657,train
19658,train
19659,train
19660,train
19661,train
19662,train
19663,train
19664,train
19665,train
19666,train
19667,train
19668,train
19669,train
19670,train
19671,test
19672,test
19673,train
19674,train
19675,train
19676,train
19677,test
19678,train
19679,train
19680,train
19681,valid
19682,train
19683,train
19684,train
19685,train
19686,train
19687,train
19688,train
19689,train
19690,train
19691,test
19692,valid
19693,train
19694,train
19695,train
19696,train
19697,train
19698,train
19699,train
19700,valid
19701,train
19702,train
19703,train
19704,train
19705,valid
19706,train
19707,test
19708,test
19709,train
19710,train
19711,train
19712,train
19713,train
19714,train
19715,train
19716,train
19717,train
19718,train
19719,train
19720,valid
19721,test
19722,test
19723,train
19724,train
19725,train
19726,train
19727,train
19728,train
19729,test
19730,train
19731,valid
19732,train
19733,train
19734,valid
19735,train
19736,train
19737,train
19738,valid
19739,train
19740,train
19741,test
19742,train
19743,train
19744,valid
19745,train
19746,train
19747,test
19748,train
19749,train
19750,valid
19751,test
19752,train
19753,train
19754,train
19755,valid
19756,train
19757,valid
19758,train
19759,train
19760,test
19761,train
19762,train
19763,train
19764,train
19765,test
19766,valid
19767,valid
19768,train
19769,train
19770,valid
19771,test
19772,test
19773,train
19774,train
19775,train
19776,train
19777,test
19778,valid
19779,train
19780,test
19781,test
19782,valid
19783,train
19784,train
19785,test
19786,train
19787,test
19788,valid
19789,test
19790,test
19791,train
19792,train
19793,train
19794,train
19795,test
19796,train
19797,train
19798,test
19799,train
19800,train
19801,valid
19802,test
19803,test
19804,valid
19805,test
19806,train
19807,test
19808,valid
19809,train
19810,test
19811,train
19812,train
19813,test
19814,train
19815,train
19816,test
19817,train
19818,train
19819,test
19820,train
19821,train
19822,valid
19823,valid
19824,train
19825,train
19826,train
19827,train
19828,test
19829,train
19830,train
19831,train
19832,train
19833,test
19834,train
19835,test
19836,train
19837,test
19838,valid
19839,valid
19840,test
19841,train
19842,train
19843,train
19844,train
19845,test
19846,train
19847,train
19848,train
19849,train
19850,train
19851,train
19852,train
19853,train
19854,train
19855,test
19856,train
19857,train
19858,train
19859,train
19860,train
19861,valid
19862,train
19863,train
19864,test
19865,train
19866,test
19867,train
19868,train
19869,test
19870,train
19871,train
19872,train
19873,train
19874,train
19875,train
19876,train
19877,test
19878,train
19879,train
19880,valid
19881,train
19882,train
19883,train
19884,train
19885,train
19886,test
19887,train
19888,test
19889,train
19890,train
19891,train
19892,train
19893,train
19894,test
19895,train
19896,train
19897,train
19898,test
19899,train
19900,train
19901,train
19902,train
19903,train
19904,test
19905,train
19906,test
19907,train
19908,test
19909,train
19910,train
19911,test
19912,train
19913,train
19914,train
19915,train
19916,train
19917,train
19918,valid
19919,valid
19920,train
19921,train
19922,train
19923,test
19924,train
19925,train
19926,train
19927,train
19928,valid
19929,train
19930,train
19931,train
19932,valid
19933,train
19934,train
19935,train
19936,train
19937,train
19938,train
19939,train
19940,train
19941,train
19942,valid
19943,train
19944,test
19945,train
19946,train
19947,train
19948,train
19949,test
19950,train
19951,train
19952,train
19953,test
19954,valid
19955,train
19956,train
19957,train
19958,test
19959,train
19960,train
19961,train
19962,test
19963,train
19964,train
19965,train
19966,train
19967,test
19968,test
19969,train
19970,train
19971,train
19972,train
19973,train
19974,train
19975,train
19976,train
19977,train
19978,train
19979,valid
19980,valid
19981,test
19982,train
19983,train
19984,train
19985,test
19986,train
19987,test
19988,train
19989,train
19990,valid
19991,train
19992,train
19993,train
19994,train
19995,train
19996,test
19997,train
19998,test
19999,train
20000,train
20001,test
20002,test
20003,train
20004,train
20005,train
20006,test
20007,train
20008,train
20009,train
20010,train
20011,train
20012,valid
20013,train
20014,train
20015,train
20016,train
20017,train
20018,train
20019,valid
20020,train
20021,train
20022,train
20023,train
20024,train
20025,train
20026,train
20027,train
20028,train
20029,train
20030,train
20031,train
20032,test
20033,test
20034,test
20035,test
20036,train
20037,test
20038,test
20039,test
20040,train
20041,train
20042,valid
20043,train
20044,train
20045,train
20046,train
20047,train
20048,train
20049,test
20050,train
20051,train
20052,train
20053,valid
20054,train
20055,train
20056,train
20057,train
20058,train
20059,train
20060,train
20061,train
20062,test
20063,train
20064,train
20065,test
20066,train
20067,train
20068,train
20069,test
20070,test
20071,test
20072,test
20073,train
20074,train
20075,train
20076,train
20077,train
20078,train
20079,train
20080,train
20081,train
20082,valid
20083,test
20084,train
20085,train
20086,train
20087,train
20088,valid
20089,test
20090,test
20091,valid
20092,train
20093,train
20094,train
20095,train
20096,train
20097,train
20098,train
20099,train
20100,test
20101,test
20102,test
20103,train
20104,train
20105,train
20106,test
20107,train
20108,train
20109,valid
20110,train
20111,test
20112,test
20113,train
20114,test
20115,train
20116,train
20117,train
20118,train
20119,valid
20120,train
20121,train
20122,valid
20123,test
20124,train
20125,valid
20126,train
20127,train
20128,train
20129,train
20130,train
20131,train
20132,train
20133,train
20134,valid
20135,train
20136,valid
20137,train
20138,train
20139,train
20140,test
20141,valid
20142,train
20143,train
20144,train
20145,train
20146,train
20147,train
20148,valid
20149,train
20150,train
20151,train
20152,train
20153,test
20154,train
20155,train
20156,test
20157,train
20158,train
20159,train
20160,train
20161,test
20162,train
20163,train
20164,train
20165,train
20166,test
20167,test
20168,train
20169,test
20170,train
20171,train
20172,train
20173,train
20174,train
20175,train
20176,train
20177,train
20178,train
20179,valid
20180,test
20181,train
20182,train
20183,train
20184,train
20185,test
20186,train
20187,train
20188,train
20189,test
20190,valid
20191,train
20192,test
20193,valid
20194,train
20195,valid
20196,train
20197,test
20198,train
20199,valid
20200,test
20201,test
20202,test
20203,train
20204,train
20205,train
20206,train
20207,train
20208,train
20209,train
20210,train
20211,test
20212,test
20213,train
20214,train
20215,valid
20216,train
20217,valid
20218,train
20219,test
20220,train
20221,train
20222,train
20223,valid
20224,train
20225,train
20226,train
20227,train
20228,train
20229,train
20230,train
20231,train
20232,train
20233,train
20234,train
20235,train
20236,train
20237,train
20238,valid
20239,train
20240,train
20241,train
20242,train
20243,train
20244,train
20245,train
20246,train
20247,train
20248,train
20249,valid
20250,train
20251,train
20252,train
20253,valid
20254,test
20255,valid
20256,train
20257,test
20258,train
20259,train
20260,train
20261,train
20262,train
20263,train
20264,train
20265,test
20266,train
20267,valid
20268,train
20269,train
20270,train
20271,train
20272,train
20273,test
20274,train
20275,valid
20276,train
20277,train
20278,train
20279,test
20280,train
20281,train
20282,train
20283,valid
20284,train
20285,train
20286,train
20287,train
20288,train
20289,train
20290,test
20291,valid
20292,train
20293,train
20294,train
20295,test
20296,test
20297,test
20298,valid
20299,train
20300,train
20301,train
20302,train
20303,test
20304,train
20305,train
20306,test
20307,valid
20308,train
20309,train
20310,train
20311,train
20312,train
20313,train
20314,train
20315,train
20316,valid
20317,train
20318,train
20319,valid
20320,train
20321,test
20322,train
20323,train
20324,train
20325,train
20326,train
20327,train
20328,test
20329,train
20330,train
20331,train
20332,train
20333,train
20334,train
20335,test
20336,valid
20337,train
20338,train
20339,train
20340,train
20341,train
20342,train
20343,train
20344,valid
20345,train
20346,test
20347,train
20348,train
20349,train
20350,train
20351,train
20352,train
20353,valid
20354,valid
20355,train
20356,train
20357,train
20358,train
20359,train
20360,valid
20361,train
20362,train
20363,train
20364,train
20365,train
20366,valid
20367,train
20368,test
20369,test
20370,valid
20371,train
20372,train
20373,train
20374,train
20375,train
20376,train
20377,valid
20378,train
20379,train
20380,test
20381,valid
20382,train
20383,train
20384,test
20385,train
20386,test
20387,train
20388,train
20389,train
20390,valid
20391,train
20392,test
20393,train
20394,train
20395,train
20396,train
20397,train
20398,test
20399,test
20400,valid
20401,train
20402,valid
20403,train
20404,train
20405,train
20406,train
20407,test
20408,test
20409,test
20410,train
20411,train
20412,valid
20413,train
20414,train
20415,train
20416,train
20417,test
20418,train
20419,train
20420,train
20421,train
20422,train
20423,train
20424,train
20425,train
20426,train
20427,train
20428,train
20429,train
20430,train
20431,train
20432,valid
20433,train
20434,train
20435,train
20436,train
20437,train
20438,test
20439,train
20440,train
20441,train
20442,train
20443,train
20444,train
20445,train
20446,train
20447,valid
20448,train
20449,train
20450,test
20451,valid
20452,train
20453,train
20454,train
20455,train
20456,train
20457,train
20458,test
20459,test
20460,train
20461,train
20462,train
20463,train
20464,train
20465,train
20466,train
20467,train
20468,train
20469,test
20470,train
20471,valid
20472,train
20473,test
20474,test
20475,test
20476,train
20477,test
20478,train
20479,test
20480,train
20481,train
20482,valid
20483,train
20484,train
20485,test
20486,train
20487,train
20488,test
20489,test
20490,test
20491,valid
20492,train
20493,train
20494,train
20495,train
20496,valid
20497,train
20498,test
20499,test
20500,test
20501,train
20502,valid
20503,test
20504,test
20505,train
20506,valid
20507,train
20508,valid
20509,train
20510,train
20511,valid
20512,train
20513,train
20514,train
20515,train
20516,valid
20517,train
20518,train
20519,test
20520,train
20521,train
20522,train
20523,test
20524,train
20525,train
20526,test
20527,test
20528,train
20529,train
20530,train
20531,train
20532,train
20533,train
20534,test
20535,train
20536,test
20537,train
20538,train
20539,train
20540,train
20541,test
20542,train
20543,train
20544,train
20545,valid
20546,train
20547,train
20548,train
20549,train
20550,train
20551,train
20552,train
20553,train
20554,train
20555,train
20556,train
20557,train
20558,test
20559,train
20560,train
20561,train
20562,train
20563,train
20564,train
20565,train
20566,test
20567,train
20568,train
20569,test
20570,test
20571,train
20572,train
20573,train
20574,train
20575,train
20576,train
20577,test
20578,train
20579,train
20580,valid
20581,train
20582,train
20583,train
20584,train
20585,train
20586,train
20587,test
20588,train
20589,valid
20590,train
20591,train
20592,train
20593,train
20594,valid
20595,train
20596,train
20597,train
20598,train
20599,train
20600,train
20601,train
20602,train
20603,train
20604,train
20605,test
20606,train
20607,train
20608,train
20609,train
20610,train
20611,train
20612,train
20613,valid
20614,train
20615,test
20616,train
20617,train
20618,train
20619,train
20620,train
20621,train
20622,train
20623,test
20624,train
20625,test
20626,train
20627,train
20628,test
20629,train
20630,test
20631,test
20632,test
20633,valid
20634,train
20635,train
20636,test
20637,train
20638,train
20639,train
20640,train
20641,test
20642,test
20643,train
20644,train
20645,train
20646,train
20647,train
20648,train
20649,train
20650,train
20651,train
20652,train
20653,train
20654,train
20655,train
20656,train
20657,train
20658,train
20659,test
20660,train
20661,train
20662,train
20663,train
20664,valid
20665,train
20666,train
20667,train
20668,valid
20669,train
20670,valid
20671,train
20672,train
20673,train
20674,train
20675,train
20676,valid
20677,train
20678,valid
20679,train
20680,test
20681,train
20682,train
20683,train
20684,valid
20685,train
20686,test
20687,test
20688,test
20689,train
20690,valid
20691,train
20692,train
20693,test
20694,valid
20695,train
20696,train
20697,train
20698,train
20699,train
20700,test
20701,train
20702,train
20703,train
20704,valid
20705,train
20706,train
20707,train
20708,train
20709,test
20710,train
20711,train
20712,train
20713,test
20714,test
20715,train
20716,test
20717,train
20718,train
20719,valid
20720,train
20721,train
20722,train
20723,train
20724,valid
20725,train
20726,train
20727,train
20728,train
20729,train
20730,test
20731,train
20732,test
20733,train
20734,valid
20735,train
20736,train
20737,test
20738,train
20739,train
20740,train
20741,train
20742,test
20743,test
20744,test
20745,train
20746,train
20747,train
20748,train
20749,train
20750,train
20751,train
20752,train
20753,train
20754,valid
20755,test
20756,valid
20757,train
20758,train
20759,train
20760,test
20761,train
20762,train
20763,train
20764,train
20765,train
20766,train
20767,valid
20768,train
20769,train
20770,train
20771,test
20772,train
20773,valid
20774,train
20775,test
20776,test
20777,train
20778,train
20779,train
20780,test
20781,train
20782,train
20783,train
20784,train
20785,train
20786,train
20787,train
20788,test
20789,test
20790,train
20791,train
20792,test
20793,train
20794,train
20795,train
20796,test
20797,test
20798,train
20799,train
20800,train
20801,train
20802,train
20803,test
20804,train
20805,test
20806,train
20807,valid
20808,test
20809,train
20810,train
20811,train
20812,valid
20813,test
20814,valid
20815,train
20816,train
20817,test
20818,valid
20819,train
20820,train
20821,train
20822,train
20823,train
20824,train
20825,valid
20826,train
20827,train
20828,train
20829,train
20830,train
20831,test
20832,valid
20833,train
20834,train
20835,test
20836,train
20837,train
20838,train
20839,test
20840,train
20841,train
20842,train
20843,test
20844,train
20845,test
20846,train
20847,test
20848,train
20849,valid
20850,test
20851,train
20852,train
20853,train
20854,valid
20855,test
20856,train
20857,valid
20858,valid
20859,train
20860,train
20861,valid
20862,train
20863,train
20864,train
20865,test
20866,train
20867,train
20868,test
20869,train
20870,test
20871,train
20872,train
20873,train
20874,test
20875,train
20876,train
20877,train
20878,train
20879,train
20880,test
20881,train
20882,test
20883,train
20884,test
20885,valid
20886,train
20887,valid
20888,train
20889,train
20890,train
20891,test
20892,train
20893,test
20894,train
20895,test
20896,train
20897,train
20898,train
20899,train
20900,test
20901,train
20902,valid
20903,test
20904,train
20905,train
20906,test
20907,train
20908,test
20909,train
20910,train
20911,test
20912,train
20913,train
20914,train
20915,train
20916,train
20917,train
20918,train
20919,train
20920,train
20921,train
20922,train
20923,train
20924,train
20925,train
20926,train
20927,train
20928,train
20929,test
20930,train
20931,train
20932,train
20933,valid
20934,test
20935,train
20936,valid
20937,train
20938,test
20939,valid
20940,train
20941,train
20942,train
20943,train
20944,train
20945,train
20946,train
20947,train
20948,train
20949,train
20950,train
20951,valid
20952,test
20953,train
20954,train
20955,train
20956,train
20957,train
20958,train
20959,train
20960,train
20961,train
20962,train
20963,valid
20964,train
20965,train
20966,train
20967,test
20968,train
20969,test
20970,train
20971,valid
20972,test
20973,train
20974,train
20975,valid
20976,train
20977,train
20978,train
20979,test
20980,train
20981,train
20982,train
20983,train
20984,test
20985,test
20986,train
20987,valid
20988,train
20989,train
20990,train
20991,test
20992,train
20993,train
20994,train
20995,train
20996,train
20997,train
20998,test
20999,valid
21000,train
21001,train
21002,train
21003,train
21004,valid
21005,train
21006,train
21007,train
21008,train
21009,valid
21010,test
21011,train
21012,train
21013,train
21014,train
21015,train
21016,train
21017,test
21018,train
21019,test
21020,train
21021,train
21022,train
21023,test
21024,train
21025,test
21026,train
21027,train
21028,train
21029,train
21030,train
21031,train
21032,train
21033,train
21034,test
21035,train
21036,train
21037,train
21038,valid
21039,train
21040,train
21041,train
21042,train
21043,valid
21044,valid
21045,train
21046,train
21047,train
21048,test
21049,train
21050,test
21051,test
21052,train
21053,test
21054,train
21055,train
21056,train
21057,test
21058,train
21059,valid
21060,train
21061,test
21062,valid
21063,train
21064,train
21065,train
21066,train
21067,test
21068,train
21069,train
21070,train
21071,train
21072,test
21073,train
21074,train
21075,valid
21076,train
21077,train
21078,train
21079,test
21080,train
21081,test
21082,test
21083,test
21084,train
21085,train
21086,valid
21087,valid
21088,train
21089,train
21090,train
21091,test
21092,train
21093,valid
21094,train
21095,test
21096,train
21097,train
21098,train
21099,test
21100,test
21101,train
21102,train
21103,test
21104,train
21105,train
21106,train
21107,train
21108,train
21109,train
21110,test
21111,test
21112,train
21113,test
21114,valid
21115,valid
21116,test
21117,train
21118,train
21119,train
21120,train
21121,train
21122,train
21123,test
21124,train
21125,train
21126,train
21127,test
21128,train
21129,train
21130,train
21131,test
21132,train
21133,train
21134,valid
21135,train
21136,train
21137,train
21138,train
21139,test
21140,train
21141,train
21142,valid
21143,valid
21144,test
21145,test
21146,train
21147,train
21148,valid
21149,train
21150,test
21151,test
21152,train
21153,train
21154,valid
21155,test
21156,train
21157,train
21158,test
21159,valid
21160,test
21161,train
21162,train
21163,train
21164,test
21165,train
21166,train
21167,train
21168,test
21169,train
21170,train
21171,valid
21172,train
21173,train
21174,valid
21175,train
21176,train
21177,train
21178,train
21179,train
21180,train
21181,train
21182,train
21183,test
21184,test
21185,train
21186,test
21187,test
21188,train
21189,train
21190,test
21191,train
21192,valid
21193,train
21194,test
21195,train
21196,train
21197,train
21198,train
21199,train
21200,train
21201,train
21202,test
21203,test
21204,train
21205,train
21206,train
21207,train
21208,train
21209,train
21210,train
21211,train
21212,test
21213,valid
21214,test
21215,train
21216,train
21217,test
21218,train
21219,train
21220,test
21221,train
21222,test
21223,test
21224,train
21225,train
21226,train
21227,train
21228,train
21229,train
21230,train
21231,train
21232,train
21233,train
21234,train
21235,train
21236,train
21237,train
21238,train
21239,test
21240,train
21241,train
21242,train
21243,test
21244,valid
21245,valid
21246,train
21247,train
21248,train
21249,test
21250,train
21251,test
21252,test
21253,train
21254,train
21255,test
21256,train
21257,train
21258,test
21259,train
21260,train
21261,train
21262,train
21263,train
21264,train
21265,train
21266,train
21267,test
21268,train
21269,test
21270,train
21271,train
21272,train
21273,train
21274,test
21275,train
21276,train
21277,train
21278,train
21279,train
21280,train
21281,valid
21282,train
21283,train
21284,test
21285,test
21286,valid
21287,train
21288,train
21289,train
21290,valid
21291,train
21292,valid
21293,train
21294,train
21295,train
21296,train
21297,train
21298,test
21299,train
21300,test
21301,train
21302,train
21303,train
21304,valid
21305,train
21306,train
21307,test
21308,valid
21309,train
21310,test
21311,train
21312,train
21313,train
21314,test
21315,valid
21316,train
21317,train
21318,train
21319,train
21320,test
21321,train
21322,train
21323,test
21324,test
21325,train
21326,train
21327,train
21328,test
21329,test
21330,train
21331,train
21332,train
21333,train
21334,train
21335,test
21336,train
21337,train
21338,test
21339,train
21340,train
21341,train
21342,train
21343,train
21344,test
21345,train
21346,train
21347,train
21348,train
21349,train
21350,train
21351,train
21352,train
21353,train
21354,train
21355,train
21356,train
21357,test
21358,train
21359,train
21360,valid
21361,train
21362,train
21363,test
21364,train
21365,train
21366,train
21367,test
21368,train
21369,train
21370,train
21371,train
21372,train
21373,train
21374,train
21375,train
21376,train
21377,train
21378,train
21379,train
21380,test
21381,test
21382,train
21383,test
21384,valid
21385,train
21386,test
21387,train
21388,valid
21389,train
21390,train
21391,train
21392,test
21393,train
21394,train
21395,train
21396,train
21397,train
21398,train
21399,train
21400,train
21401,train
21402,train
21403,test
21404,train
21405,train
21406,train
21407,train
21408,test
21409,test
21410,test
21411,train
21412,train
21413,train
21414,test
21415,test
21416,train
21417,train
21418,train
21419,train
21420,train
21421,test
21422,train
21423,train
21424,train
21425,test
21426,train
21427,test
21428,train
21429,train
21430,test
21431,train
21432,valid
21433,train
21434,train
21435,train
21436,train
21437,train
21438,train
21439,train
21440,train
21441,train
21442,train
21443,train
21444,train
21445,train
21446,valid
21447,test
21448,train
21449,train
21450,test
21451,train
21452,train
21453,train
21454,train
21455,test
21456,train
21457,test
21458,valid
21459,train
21460,test
21461,train
21462,train
21463,train
21464,train
21465,train
21466,train
21467,train
21468,train
21469,train
21470,train
21471,train
21472,train
21473,train
21474,train
21475,train
21476,valid
21477,train
21478,train
21479,train
21480,test
21481,train
21482,train
21483,train
21484,test
21485,test
21486,train
21487,train
21488,train
21489,train
21490,test
21491,train
21492,train
21493,train
21494,train
21495,train
21496,train
21497,train
21498,train
21499,test
21500,train
21501,train
21502,valid
21503,test
21504,test
21505,valid
21506,test
21507,train
21508,train
21509,train
21510,train
21511,train
21512,test
21513,test
21514,train
21515,train
21516,train
21517,train
21518,train
21519,train
21520,test
21521,train
21522,train
21523,valid
21524,valid
21525,train
21526,train
21527,train
21528,train
21529,train
21530,test
21531,train
21532,test
21533,valid
21534,train
21535,valid
21536,train
21537,test
21538,test
21539,train
21540,train
21541,train
21542,valid
21543,train
21544,train
21545,valid
21546,train
21547,train
21548,test
21549,train
21550,train
21551,train
21552,train
21553,train
21554,test
21555,train
21556,train
21557,train
21558,valid
21559,train
21560,train
21561,train
21562,train
21563,train
21564,train
21565,test
21566,train
21567,train
21568,test
21569,valid
21570,train
21571,valid
21572,train
21573,train
21574,train
21575,valid
21576,train
21577,train
21578,train
21579,train
21580,test
21581,train
21582,train
21583,train
21584,test
21585,train
21586,train
21587,train
21588,train
21589,train
21590,test
21591,test
21592,train
21593,valid
21594,valid
21595,train
21596,train
21597,train
21598,test
21599,train
21600,train
21601,valid
21602,test
21603,train
21604,test
21605,test
21606,test
21607,train
21608,valid
21609,train
21610,valid
21611,test
21612,train
21613,test
21614,train
21615,valid
21616,train
21617,valid
21618,test
21619,test
21620,train
21621,train
21622,train
21623,train
21624,test
21625,valid
21626,valid
21627,train
21628,train
21629,valid
21630,train
21631,valid
21632,train
21633,train
21634,train
21635,train
21636,train
21637,train
21638,train
21639,train
21640,train
21641,train
21642,train
21643,train
21644,test
21645,train
21646,valid
21647,valid
21648,test
21649,train
21650,train
21651,train
21652,train
21653,train
21654,train
21655,train
21656,train
21657,train
21658,test
21659,train
21660,train
21661,test
21662,train
21663,train
21664,test
21665,train
21666,valid
21667,train
21668,test
21669,train
21670,valid
21671,test
21672,train
21673,train
21674,train
21675,train
21676,valid
21677,test
21678,train
21679,test
21680,test
21681,train
21682,train
21683,train
21684,train
21685,train
21686,test
21687,test
21688,train
21689,train
21690,train
21691,train
21692,train
21693,train
21694,test
21695,test
21696,train
21697,train
21698,train
21699,train
21700,train
21701,test
21702,train
21703,train
21704,train
21705,test
21706,train
21707,train
21708,test
21709,test
21710,valid
21711,train
21712,train
21713,test
21714,train
21715,train
21716,test
21717,train
21718,train
21719,train
21720,train
21721,test
21722,train
21723,train
21724,train
21725,train
21726,train
21727,train
21728,train
21729,train
21730,train
21731,train
21732,valid
21733,train
21734,train
21735,train
21736,train
21737,train
21738,valid
21739,train
21740,valid
21741,train
21742,test
21743,test
21744,train
21745,train
21746,train
21747,train
21748,train
21749,train
21750,train
21751,train
21752,train
21753,train
21754,train
21755,train
21756,train
21757,test
21758,test
21759,train
21760,test
21761,valid
21762,train
21763,train
21764,train
21765,train
21766,train
21767,test
21768,train
21769,valid
21770,train
21771,train
21772,train
21773,valid
21774,valid
21775,test
21776,train
21777,train
21778,train
21779,valid
21780,test
21781,test
21782,train
21783,train
21784,train
21785,train
21786,train
21787,train
21788,test
21789,train
21790,train
21791,train
21792,train
21793,train
21794,train
21795,test
21796,train
21797,test
21798,train
21799,test
21800,train
21801,train
21802,train
21803,train
21804,train
21805,train
21806,test
21807,train
21808,train
21809,train
21810,valid
21811,test
21812,train
21813,test
21814,test
21815,train
21816,test
21817,test
21818,train
21819,valid
21820,valid
21821,train
21822,train
21823,test
21824,test
21825,valid
21826,train
21827,train
21828,train
21829,train
21830,train
21831,train
21832,train
21833,train
21834,train
21835,train
21836,train
21837,test
21838,train
21839,valid
21840,train
21841,train
21842,train
21843,train
21844,train
21845,train
21846,train
21847,train
21848,train
21849,valid
21850,train
21851,train
21852,train
21853,train
21854,train
21855,train
21856,train
21857,train
21858,train
21859,train
21860,train
21861,train
21862,train
21863,train
21864,train
21865,train
21866,train
21867,train
21868,train
21869,train
21870,train
21871,train
21872,test
21873,train
21874,train
21875,valid
21876,train
21877,valid
21878,train
21879,train
21880,train
21881,test
21882,train
21883,train
21884,test
21885,test
21886,train
21887,train
21888,train
21889,train
21890,valid
21891,train
21892,train
21893,test
21894,train
21895,test
21896,test
21897,valid
21898,train
21899,train
21900,train
21901,test
21902,valid
21903,train
21904,valid
21905,valid
21906,train
21907,train
21908,valid
21909,train
21910,train
21911,train
21912,train
21913,train
21914,test
21915,train
21916,train
21917,train
21918,train
21919,train
21920,train
21921,train
21922,train
21923,test
21924,train
21925,train
21926,valid
21927,test
21928,valid
21929,train
21930,test
21931,valid
21932,train
21933,train
21934,train
21935,test
21936,train
21937,train
21938,train
21939,train
21940,train
21941,test
21942,test
21943,train
21944,train
21945,train
21946,train
21947,test
21948,train
21949,test
21950,train
21951,train
21952,valid
21953,test
21954,valid
21955,train
21956,test
21957,train
21958,test
21959,train
21960,train
21961,train
21962,valid
21963,train
21964,train
21965,train
21966,test
21967,valid
21968,train
21969,test
21970,train
21971,test
21972,train
21973,train
21974,train
21975,train
21976,train
21977,train
21978,train
21979,train
21980,train
21981,train
21982,train
21983,train
21984,train
21985,test
21986,train
21987,train
21988,train
21989,train
21990,test
21991,test
21992,valid
21993,train
21994,valid
21995,train
21996,train
21997,train
21998,train
21999,train
22000,train
22001,train
22002,valid
22003,train
22004,train
22005,train
22006,train
22007,train
22008,test
22009,valid
22010,train
22011,train
22012,train
22013,train
22014,train
22015,train
22016,train
22017,train
22018,valid
22019,train
22020,train
22021,train
22022,train
22023,train
22024,train
22025,train
22026,test
22027,valid
22028,valid
22029,train
22030,train
22031,train
22032,train
22033,test
22034,train
22035,test
22036,test
22037,valid
22038,train
22039,train
22040,train
22041,train
22042,train
22043,train
22044,train
22045,train
22046,train
22047,train
22048,train
22049,test
22050,test
22051,train
22052,train
22053,train
22054,test
22055,train
22056,valid
22057,train
22058,valid
22059,valid
22060,train
22061,train
22062,test
22063,train
22064,valid
22065,test
22066,train
22067,test
22068,test
22069,train
22070,valid
22071,train
22072,valid
22073,train
22074,test
22075,train
22076,train
22077,train
22078,train
22079,train
22080,train
22081,test
22082,test
22083,test
22084,train
22085,train
22086,train
22087,test
22088,train
22089,train
22090,train
22091,test
22092,train
22093,train
22094,valid
22095,test
22096,train
22097,test
22098,test
22099,train
22100,valid
22101,test
22102,valid
22103,train
22104,test
22105,train
22106,test
22107,train
22108,train
22109,test
22110,test
22111,test
22112,train
22113,valid
22114,train
22115,valid
22116,train
22117,train
22118,train
22119,train
22120,test
22121,train
22122,train
22123,train
22124,train
22125,train
22126,test
22127,train
22128,train
22129,train
22130,train
22131,test
22132,test
22133,train
22134,train
22135,train
22136,valid
22137,train
22138,test
22139,train
22140,train
22141,valid
22142,train
22143,train
22144,train
22145,train
22146,train
22147,train
22148,train
22149,train
22150,train
22151,train
22152,test
22153,train
22154,train
22155,train
22156,test
22157,train
22158,train
22159,train
22160,train
22161,train
22162,train
22163,test
22164,train
22165,train
22166,test
22167,valid
22168,valid
22169,valid
22170,train
22171,train
22172,train
22173,train
22174,train
22175,test
22176,train
22177,train
22178,test
22179,test
22180,train
22181,train
22182,train
22183,train
22184,train
22185,train
22186,train
22187,train
22188,test
22189,valid
22190,train
22191,train
22192,train
22193,train
22194,train
22195,train
22196,train
22197,train
22198,train
22199,train
22200,train
22201,train
22202,train
22203,train
22204,train
22205,test
22206,valid
22207,train
22208,train
22209,train
22210,train
22211,test
22212,test
22213,valid
22214,train
22215,train
22216,train
22217,test
22218,train
22219,test
22220,train
22221,train
22222,test
22223,valid
22224,train
22225,train
22226,train
22227,test
22228,train
22229,train
22230,test
22231,train
22232,test
22233,test
22234,train
22235,train
22236,train
22237,train
22238,train
22239,train
22240,train
22241,train
22242,valid
22243,test
22244,test
22245,train
22246,valid
22247,test
22248,train
22249,train
22250,train
22251,train
22252,train
22253,train
22254,train
22255,test
22256,train
22257,train
22258,test
22259,train
22260,test
22261,train
22262,train
22263,train
22264,train
22265,train
22266,train
22267,train
22268,train
22269,train
22270,train
22271,train
22272,train
22273,train
22274,train
22275,train
22276,train
22277,train
22278,train
22279,train
22280,train
22281,train
22282,train
22283,test
22284,train
22285,train
22286,train
22287,test
22288,train
22289,train
22290,train
22291,train
22292,test
22293,test
22294,train
22295,train
22296,train
22297,train
22298,train
22299,test
22300,train
22301,train
22302,train
22303,train
22304,train
22305,train
22306,test
22307,train
22308,train
22309,train
22310,train
22311,train
22312,train
22313,train
22314,train
22315,train
22316,train
22317,test
22318,train
22319,train
22320,train
22321,train
22322,train
22323,train
22324,train
22325,train
22326,train
22327,train
22328,valid
22329,test
22330,train
22331,train
22332,train
22333,train
22334,test
22335,train
22336,train
22337,train
22338,train
22339,train
22340,test
22341,train
22342,train
22343,test
22344,train
22345,train
22346,train
22347,train
22348,train
22349,train
22350,train
22351,train
22352,test
22353,train
22354,test
22355,test
22356,valid
22357,train
22358,train
22359,valid
22360,train
22361,valid
22362,train
22363,valid
22364,train
22365,valid
22366,train
22367,train
22368,test
22369,test
22370,train
22371,train
22372,train
22373,train
22374,test
22375,train
22376,valid
22377,train
22378,test
22379,train
22380,train
22381,train
22382,test
22383,train
22384,test
22385,train
22386,test
22387,train
22388,train
22389,valid
22390,test
22391,test
22392,train
22393,train
22394,train
22395,valid
22396,train
22397,train
22398,train
22399,train
22400,train
22401,train
22402,train
22403,train
22404,train
22405,train
22406,train
22407,test
22408,test
22409,train
22410,train
22411,valid
22412,train
22413,train
22414,train
22415,train
22416,train
22417,test
22418,train
22419,train
22420,train
22421,train
22422,train
22423,valid
22424,train
22425,train
22426,test
22427,train
22428,train
22429,test
22430,train
22431,train
22432,train
22433,train
22434,train
22435,train
22436,valid
22437,train
22438,train
22439,test
22440,train
22441,train
22442,train
22443,valid
22444,train
22445,train
22446,train
22447,train
22448,train
22449,test
22450,train
22451,train
22452,test
22453,valid
22454,train
22455,train
22456,train
22457,train
22458,train
22459,train
22460,test
22461,test
22462,train
22463,train
22464,train
22465,test
22466,test
22467,train
22468,train
22469,train
22470,train
22471,train
22472,test
22473,test
22474,train
22475,train
22476,train
22477,valid
22478,test
22479,train
22480,train
22481,test
22482,valid
22483,test
22484,valid
22485,train
22486,test
22487,valid
22488,train
22489,train
22490,train
22491,train
22492,test
22493,train
22494,test
22495,train
22496,train
22497,valid
22498,train
22499,valid
22500,train
22501,train
22502,test
22503,test
22504,valid
22505,valid
22506,train
22507,train
22508,train
22509,train
22510,train
22511,train
22512,train
22513,train
22514,train
22515,train
22516,test
22517,valid
22518,train
22519,train
22520,test
22521,train
22522,test
22523,train
22524,train
22525,train
22526,train
22527,train
22528,train
22529,train
22530,train
22531,test
22532,test
22533,train
22534,train
22535,train
22536,valid
22537,test
22538,train
22539,valid
22540,train
22541,train
22542,train
22543,train
22544,train
22545,train
22546,train
22547,train
22548,train
22549,train
22550,valid
22551,train
22552,test
22553,test
22554,train
22555,train
22556,train
22557,train
22558,train
22559,test
22560,train
22561,train
22562,train
22563,test
22564,train
22565,train
22566,train
22567,valid
22568,train
22569,valid
22570,train
22571,train
22572,test
22573,train
22574,train
22575,train
22576,test
22577,train
22578,train
22579,test
22580,test
22581,test
22582,train
22583,train
22584,valid
22585,train
22586,train
22587,train
22588,train
22589,train
22590,train
22591,train
22592,train
22593,train
22594,valid
22595,train
22596,test
22597,train
22598,train
22599,train
22600,valid
22601,train
22602,train
22603,train
22604,train
22605,test
22606,train
22607,train
22608,test
22609,test
22610,train
22611,test
22612,test
22613,train
22614,train
22615,train
22616,train
22617,train
22618,train
22619,train
22620,train
22621,train
22622,train
22623,test
22624,train
22625,train
22626,valid
22627,train
22628,valid
22629,train
22630,train
22631,train
22632,valid
22633,train
22634,train
22635,train
22636,test
22637,train
22638,train
22639,train
22640,valid
22641,train
22642,train
22643,test
22644,train
22645,test
22646,valid
22647,train
22648,train
22649,train
22650,train
22651,test
22652,train
22653,train
22654,train
22655,test
22656,train
22657,train
22658,train
22659,train
22660,train
22661,train
22662,test
22663,valid
22664,train
22665,train
22666,train
22667,train
22668,train
22669,train
22670,train
22671,test
22672,valid
22673,train
22674,train
22675,train
22676,test
22677,test
22678,train
22679,train
22680,test
22681,train
22682,train
22683,train
22684,train
22685,train
22686,train
22687,train
22688,train
22689,train
22690,valid
22691,train
22692,test
22693,train
22694,train
22695,test
22696,train
22697,train
22698,train
22699,train
22700,test
22701,valid
22702,valid
22703,train
22704,train
22705,train
22706,train
22707,train
22708,train
22709,train
22710,train
22711,train
22712,train
22713,train
22714,test
22715,train
22716,test
22717,train
22718,test
22719,test
22720,train
22721,train
22722,train
22723,train
22724,test
22725,train
22726,train
22727,test
22728,train
22729,train
22730,train
22731,train
22732,train
22733,test
22734,train
22735,train
22736,test
22737,train
22738,train
22739,train
22740,train
22741,train
22742,test
22743,train
22744,test
22745,valid
22746,train
22747,train
22748,test
22749,train
22750,test
22751,valid
22752,train
22753,valid
22754,train
22755,train
22756,train
22757,train
22758,train
22759,test
22760,train
22761,valid
22762,train
22763,train
22764,test
22765,train
22766,train
22767,train
22768,train
22769,test
22770,train
22771,test
22772,test
22773,train
22774,valid
22775,train
22776,test
22777,test
22778,train
22779,train
22780,train
22781,train
22782,valid
22783,train
22784,test
22785,train
22786,train
22787,train
22788,train
22789,train
22790,test
22791,train
22792,test
22793,valid
22794,train
22795,valid
22796,train
22797,train
22798,train
22799,valid
22800,test
22801,train
22802,test
22803,train
22804,train
22805,train
22806,train
22807,test
22808,train
22809,train
22810,train
22811,train
22812,test
22813,train
22814,train
22815,train
22816,test
22817,train
22818,train
22819,train
22820,train
22821,train
22822,train
22823,train
22824,train
22825,test
22826,valid
22827,train
22828,train
22829,train
22830,test
22831,train
22832,train
22833,train
22834,train
22835,test
22836,train
22837,train
22838,train
22839,train
22840,test
22841,test
22842,train
22843,train
22844,test
22845,train
22846,test
22847,test
22848,test
22849,train
22850,train
22851,train
22852,train
22853,train
22854,train
22855,valid
22856,train
22857,train
22858,train
22859,train
22860,train
22861,train
22862,train
22863,train
22864,train
22865,train
22866,train
22867,valid
22868,train
22869,valid
22870,test
22871,test
22872,test
22873,train
22874,train
22875,train
22876,test
22877,test
22878,train
22879,test
22880,train
22881,train
22882,train
22883,train
22884,test
22885,train
22886,test
22887,train
22888,train
22889,train
22890,train
22891,train
22892,train
22893,train
22894,train
22895,test
22896,test
22897,train
22898,valid
22899,test
22900,train
22901,valid
22902,train
22903,train
22904,train
22905,train
22906,train
22907,train
22908,train
22909,train
22910,train
22911,test
22912,train
22913,train
22914,test
22915,train
22916,valid
22917,test
22918,train
22919,train
22920,train
22921,test
22922,valid
22923,train
22924,train
22925,train
22926,train
22927,train
22928,train
22929,valid
22930,train
22931,train
22932,train
22933,train
22934,valid
22935,train
22936,train
22937,train
22938,test
22939,test
22940,train
22941,train
22942,test
22943,train
22944,test
22945,train
22946,valid
22947,train
22948,train
22949,train
22950,train
22951,train
22952,test
22953,train
22954,test
22955,train
22956,test
22957,test
22958,train
22959,train
22960,valid
22961,valid
22962,train
22963,train
22964,train
22965,train
22966,train
22967,train
22968,train
22969,valid
22970,test
22971,test
22972,train
22973,train
22974,train
22975,valid
22976,test
22977,test
22978,train
22979,train
22980,test
22981,train
22982,test
22983,valid
22984,train
22985,train
22986,train
22987,train
22988,train
22989,train
22990,train
22991,train
22992,train
22993,train
22994,train
22995,train
22996,test
22997,train
22998,train
22999,train
23000,train
23001,train
23002,valid
23003,test
23004,train
23005,train
23006,test
23007,train
23008,train
23009,test
23010,train
23011,train
23012,test
23013,train
23014,train
23015,test
23016,test
23017,test
23018,valid
23019,test
23020,train
23021,test
23022,train
23023,train
23024,test
23025,train
23026,train
23027,test
23028,valid
23029,train
23030,test
23031,train
23032,train
23033,train
23034,test
23035,train
23036,train
23037,test
23038,train
23039,train
23040,train
23041,train
23042,train
23043,train
23044,train
23045,train
23046,train
23047,test
23048,train
23049,train
23050,train
23051,train
23052,train
23053,train
23054,test
23055,train
23056,train
23057,train
23058,train
23059,train
23060,train
23061,train
23062,train
23063,train
23064,train
23065,train
23066,train
23067,train
23068,valid
23069,train
23070,train
23071,train
23072,train
23073,test
23074,train
23075,train
23076,train
23077,train
23078,train
23079,train
23080,train
23081,train
23082,train
23083,test
23084,test
23085,train
23086,test
23087,train
23088,test
23089,train
23090,test
23091,train
23092,train
23093,train
23094,train
23095,test
23096,train
23097,train
23098,train
23099,test
23100,train
23101,train
23102,test
23103,train
23104,train
23105,train
23106,train
23107,train
23108,train
23109,test
23110,train
23111,valid
23112,train
23113,test
23114,train
23115,train
23116,train
23117,train
23118,test
23119,test
23120,train
23121,train
23122,test
23123,train
23124,train
23125,test
23126,train
23127,train
23128,train
23129,train
23130,train
23131,train
23132,test
23133,train
23134,test
23135,train
23136,test
23137,test
23138,train
23139,train
23140,train
23141,train
23142,valid
23143,train
23144,test
23145,valid
23146,train
23147,test
23148,train
23149,test
23150,train
23151,train
23152,train
23153,valid
23154,train
23155,train
23156,train
23157,train
23158,train
23159,test
23160,train
23161,train
23162,train
23163,valid
23164,train
23165,valid
23166,train
23167,train
23168,train
23169,train
23170,train
23171,valid
23172,train
23173,train
23174,train
23175,train
23176,train
23177,test
23178,train
23179,test
23180,test
23181,train
23182,train
23183,train
23184,train
23185,train
23186,train
23187,test
23188,train
23189,train
23190,test
23191,train
23192,train
23193,train
23194,valid
23195,train
23196,train
23197,train
23198,train
23199,test
23200,train
23201,train
23202,train
23203,test
23204,train
23205,train
23206,test
23207,train
23208,train
23209,train
23210,test
23211,train
23212,valid
23213,train
23214,valid
23215,train
23216,train
23217,test
23218,train
23219,train
23220,train
23221,train
23222,test
23223,train
23224,train
23225,train
23226,train
23227,train
23228,train
23229,train
23230,train
23231,train
23232,test
23233,test
23234,train
23235,test
23236,train
23237,train
23238,test
23239,train
23240,test
23241,valid
23242,test
23243,train
23244,train
23245,test
23246,test
23247,test
23248,train
23249,valid
23250,train
23251,train
23252,test
23253,train
23254,train
23255,train
23256,valid
23257,train
23258,train
23259,train
23260,train
23261,train
23262,test
23263,train
23264,train
23265,test
23266,train
23267,valid
23268,train
23269,test
23270,train
23271,train
23272,test
23273,train
23274,train
23275,test
23276,train
23277,train
23278,train
23279,train
23280,train
23281,train
23282,train
23283,train
23284,train
23285,valid
23286,train
23287,test
23288,train
23289,train
23290,train
23291,train
23292,train
23293,train
23294,train
23295,valid
23296,train
23297,valid
23298,train
23299,train
23300,train
23301,test
23302,train
23303,test
23304,train
23305,test
23306,test
23307,train
23308,train
23309,train
23310,train
23311,train
23312,valid
23313,train
23314,valid
23315,valid
23316,valid
23317,valid
23318,train
23319,train
23320,test
23321,train
23322,train
23323,train
23324,test
23325,train
23326,train
23327,valid
23328,test
23329,train
23330,train
23331,test
23332,train
23333,test
23334,train
23335,test
23336,train
23337,train
23338,test
23339,test
23340,test
23341,train
23342,train
23343,train
23344,test
23345,train
23346,train
23347,test
23348,train
23349,train
23350,train
23351,test
23352,train
23353,train
23354,train
23355,train
23356,train
23357,valid
23358,test
23359,train
23360,train
23361,train
23362,train
23363,test
23364,train
23365,train
23366,train
23367,train
23368,train
23369,train
23370,valid
23371,train
23372,train
23373,valid
23374,test
23375,test
23376,test
23377,test
23378,valid
23379,train
23380,test
23381,train
23382,train
23383,train
23384,train
23385,train
23386,train
23387,train
23388,train
23389,valid
23390,test
23391,test
23392,test
23393,train
23394,train
23395,train
23396,train
23397,train
23398,train
23399,train
23400,train
23401,train
23402,train
23403,train
23404,test
23405,train
23406,test
23407,train
23408,train
23409,train
23410,test
23411,train
23412,train
23413,test
23414,train
23415,test
23416,train
23417,valid
23418,train
23419,train
23420,train
23421,train
23422,train
23423,train
23424,test
23425,test
23426,train
23427,train
23428,test
23429,valid
23430,train
23431,train
23432,train
23433,train
23434,train
23435,train
23436,train
23437,train
23438,train
23439,test
23440,train
23441,valid
23442,train
23443,valid
23444,test
23445,test
23446,train
23447,train
23448,train
23449,train
23450,train
23451,test
23452,test
23453,train
23454,train
23455,test
23456,train
23457,train
23458,train
23459,train
23460,test
23461,test
23462,test
23463,valid
23464,train
23465,train
23466,train
23467,train
23468,test
23469,train
23470,train
23471,valid
23472,train
23473,train
23474,train
23475,test
23476,train
23477,train
23478,valid
23479,train
23480,train
23481,valid
23482,valid
23483,train
23484,train
23485,train
23486,valid
23487,train
23488,train
23489,test
23490,train
23491,valid
23492,test
23493,train
23494,train
23495,test
23496,train
23497,train
23498,train
23499,train
23500,valid
23501,train
23502,valid
23503,test
23504,test
23505,test
23506,train
23507,train
23508,test
23509,train
23510,train
23511,train
23512,train
23513,train
23514,train
23515,test
23516,train
23517,train
23518,train
23519,train
23520,test
23521,train
23522,test
23523,train
23524,valid
23525,train
23526,train
23527,train
23528,train
23529,test
23530,train
23531,train
23532,train
23533,train
23534,train
23535,test
23536,train
23537,train
23538,train
23539,test
23540,train
23541,train
23542,train
23543,valid
23544,valid
23545,train
23546,train
23547,test
23548,train
23549,train
23550,test
23551,train
23552,train
23553,train
23554,test
23555,train
23556,train
23557,train
23558,train
23559,train
23560,valid
23561,train
23562,train
23563,train
23564,train
23565,test
23566,valid
23567,test
23568,train
23569,test
23570,train
23571,train
23572,train
23573,train
23574,test
23575,valid
23576,train
23577,train
23578,train
23579,train
23580,test
23581,train
23582,train
23583,test
23584,train
23585,train
23586,test
23587,valid
23588,train
23589,test
23590,test
23591,valid
23592,train
23593,valid
23594,train
23595,train
23596,train
23597,train
23598,test
23599,train
23600,train
23601,valid
23602,test
23603,test
23604,train
23605,train
23606,train
23607,train
23608,test
23609,train
23610,test
23611,train
23612,train
23613,train
23614,valid
23615,test
23616,train
23617,train
23618,test
23619,test
23620,test
23621,train
23622,train
23623,train
23624,train
23625,train
23626,train
23627,train
23628,valid
23629,train
23630,valid
23631,train
23632,test
23633,train
23634,train
23635,train
23636,train
23637,train
23638,train
23639,train
23640,train
23641,train
23642,train
23643,train
23644,train
23645,train
23646,train
23647,valid
23648,test
23649,train
23650,valid
23651,train
23652,test
23653,train
23654,train
23655,train
23656,valid
23657,train
23658,test
23659,train
23660,test
23661,train
23662,train
23663,train
23664,train
23665,train
23666,train
23667,train
23668,train
23669,train
23670,train
23671,train
23672,train
23673,test
23674,train
23675,train
23676,train
23677,train
23678,train
23679,train
23680,train
23681,train
23682,train
23683,valid
23684,train
23685,train
23686,train
23687,train
23688,train
23689,train
23690,test
23691,train
23692,train
23693,train
23694,train
23695,test
23696,train
23697,train
23698,train
23699,train
23700,test
23701,train
23702,train
23703,train
23704,train
23705,train
23706,train
23707,train
23708,train
23709,train
23710,test
23711,train
23712,valid
23713,train
23714,train
23715,train
23716,valid
23717,train
23718,train
23719,test
23720,train
23721,train
23722,valid
23723,train
23724,train
23725,train
23726,valid
23727,test
23728,train
23729,valid
23730,train
23731,train
23732,train
23733,train
23734,train
23735,test
23736,train
23737,train
23738,train
23739,train
23740,train
23741,train
23742,train
23743,train
23744,train
23745,test
23746,train
23747,train
23748,train
23749,train
23750,train
23751,train
23752,train
23753,train
23754,train
23755,train
23756,train
23757,train
23758,train
23759,train
23760,train
23761,train
23762,valid
23763,train
23764,valid
23765,train
23766,test
23767,train
23768,train
23769,train
23770,train
23771,train
23772,train
23773,train
23774,train
23775,valid
23776,test
23777,train
23778,test
23779,valid
23780,train
23781,train
23782,train
23783,train
23784,train
23785,train
23786,train
23787,test
23788,train
23789,train
23790,valid
23791,train
23792,train
23793,train
23794,train
23795,train
23796,train
23797,train
23798,train
23799,train
23800,train
23801,test
23802,valid
23803,train
23804,train
23805,train
23806,train
23807,train
23808,train
23809,test
23810,train
23811,train
23812,train
23813,test
23814,train
23815,train
23816,train
23817,train
23818,train
23819,test
23820,train
23821,train
23822,train
23823,train
23824,train
23825,valid
23826,train
23827,train
23828,test
23829,train
23830,train
23831,train
23832,test
23833,test
23834,train
23835,valid
23836,valid
23837,train
23838,test
23839,train
23840,train
23841,train
23842,train
23843,valid
23844,train
23845,train
23846,train
23847,train
23848,train
23849,test
23850,train
23851,train
23852,train
23853,valid
23854,train
23855,train
23856,train
23857,test
23858,train
23859,test
23860,train
23861,train
23862,train
23863,train
23864,train
23865,train
23866,train
23867,train
23868,train
23869,train
23870,train
23871,train
23872,train
23873,train
23874,train
23875,valid
23876,test
23877,test
23878,train
23879,train
23880,train
23881,train
23882,train
23883,test
23884,test
23885,test
23886,train
23887,train
23888,train
23889,train
23890,train
23891,train
23892,train
23893,train
23894,train
23895,train
23896,train
23897,train
23898,train
23899,train
23900,test
23901,test
23902,test
23903,train
23904,valid
23905,test
23906,test
23907,valid
23908,valid
23909,train
23910,train
23911,train
23912,train
23913,train
23914,train
23915,train
23916,train
23917,train
23918,train
23919,train
23920,train
23921,train
23922,train
23923,train
23924,train
23925,train
23926,train
23927,train
23928,valid
23929,train
23930,train
23931,train
23932,train
23933,train
23934,test
23935,valid
23936,test
23937,train
23938,train
23939,train
23940,train
23941,train
23942,train
23943,test
23944,test
23945,train
23946,test
23947,train
23948,valid
23949,train
23950,train
23951,test
23952,valid
23953,train
23954,train
23955,train
23956,train
23957,test
23958,test
23959,train
23960,train
23961,valid
23962,test
23963,train
23964,train
23965,train
23966,train
23967,test
23968,valid
23969,test
23970,train
23971,test
23972,train
23973,train
23974,train
23975,train
23976,train
23977,train
23978,train
23979,train
23980,test
23981,test
23982,train
23983,train
23984,train
23985,valid
23986,train
23987,train
23988,train
23989,valid
23990,train
23991,train
23992,train
23993,test
23994,train
23995,train
23996,train
23997,train
23998,train
23999,test
24000,train
24001,train
24002,train
24003,train
24004,test
24005,train
24006,test
24007,train
24008,valid
24009,train
24010,train
24011,train
24012,train
24013,test
24014,valid
24015,train
24016,test
24017,train
24018,train
24019,train
24020,test
24021,train
24022,train
24023,train
24024,test
24025,valid
24026,train
24027,train
24028,train
24029,train
24030,train
24031,test
24032,train
24033,train
24034,valid
24035,train
24036,train
24037,train
24038,train
24039,valid
24040,train
24041,train
24042,train
24043,train
24044,train
24045,train
24046,train
24047,train
24048,train
24049,train
24050,train
24051,test
24052,train
24053,train
24054,train
24055,train
24056,test
24057,train
24058,train
24059,train
24060,test
24061,train
24062,train
24063,train
24064,train
24065,valid
24066,test
24067,test
24068,train
24069,test
24070,test
24071,train
24072,train
24073,train
24074,train
24075,train
24076,train
24077,train
24078,train
24079,train
24080,test
24081,test
24082,train
24083,train
24084,train
24085,valid
24086,test
24087,valid
24088,train
24089,train
24090,train
24091,test
24092,train
24093,train
24094,train
24095,train
24096,test
24097,train
24098,train
24099,train
24100,valid
24101,train
24102,train
24103,train
24104,train
24105,test
24106,train
24107,train
24108,train
24109,test
24110,train
24111,test
24112,train
24113,test
24114,train
24115,train
24116,test
24117,train
24118,train
24119,train
24120,test
24121,test
24122,train
24123,test
24124,train
24125,test
24126,train
24127,train
24128,test
24129,train
24130,train
24131,train
24132,train
24133,train
24134,train
24135,test
24136,train
24137,train
24138,train
24139,valid
24140,train
24141,train
24142,test
24143,train
24144,train
24145,valid
24146,train
24147,train
24148,train
24149,train
24150,test
24151,train
24152,train
24153,train
24154,train
24155,train
24156,train
24157,test
24158,test
24159,train
24160,train
24161,train
24162,train
24163,train
24164,valid
24165,test
24166,train
24167,train
24168,train
24169,train
24170,train
24171,train
24172,train
24173,train
24174,train
24175,valid
24176,valid
24177,train
24178,train
24179,train
24180,valid
24181,train
24182,train
24183,train
24184,train
24185,valid
24186,train
24187,train
24188,train
24189,train
24190,train
24191,train
24192,train
24193,train
24194,test
24195,test
24196,train
24197,train
24198,test
24199,test
24200,train
24201,train
24202,test
24203,train
24204,train
24205,train
24206,valid
24207,test
24208,test
24209,train
24210,train
24211,test
24212,train
24213,test
24214,test
24215,train
24216,test
24217,train
24218,train
24219,valid
24220,test
24221,valid
24222,valid
24223,test
24224,test
24225,test
24226,train
24227,train
24228,train
24229,test
24230,train
24231,test
24232,train
24233,test
24234,train
24235,train
24236,train
24237,train
24238,train
24239,valid
24240,valid
24241,train
24242,train
24243,train
24244,test
24245,train
24246,train
24247,train
24248,train
24249,train
24250,train
24251,valid
24252,train
24253,train
24254,train
24255,train
24256,train
24257,valid
24258,train
24259,train
24260,valid
24261,train
24262,train
24263,train
24264,test
24265,train
24266,train
24267,train
24268,test
24269,train
24270,train
24271,train
24272,train
24273,train
24274,test
24275,valid
24276,train
24277,train
24278,train
24279,train
24280,test
24281,train
24282,train
24283,train
24284,test
24285,valid
24286,train
24287,train
24288,train
24289,train
24290,train
24291,train
24292,train
24293,train
24294,train
24295,test
24296,train
24297,train
24298,train
24299,train
24300,train
24301,valid
24302,train
24303,train
24304,train
24305,train
24306,test
24307,train
24308,test
24309,train
24310,train
24311,train
24312,test
24313,test
24314,test
24315,train
24316,train
24317,test
24318,train
24319,test
24320,test
24321,train
24322,train
24323,train
24324,train
24325,valid
24326,valid
24327,test
24328,test
24329,test
24330,train
24331,train
24332,train
24333,train
24334,valid
24335,valid
24336,train
24337,train
24338,valid
24339,train
24340,test
24341,train
24342,train
24343,train
24344,test
24345,test
24346,train
24347,train
24348,train
24349,valid
24350,train
24351,valid
24352,train
24353,test
24354,train
24355,train
24356,train
24357,train
24358,train
24359,train
24360,test
24361,valid
24362,train
24363,valid
24364,train
24365,train
24366,train
24367,train
24368,test
24369,train
24370,train
24371,train
24372,test
24373,train
24374,valid
24375,train
24376,valid
24377,train
24378,valid
24379,test
24380,train
24381,test
24382,train
24383,test
24384,valid
24385,train
24386,train
24387,train
24388,train
24389,train
24390,test
24391,train
24392,test
24393,train
24394,train
24395,valid
24396,train
24397,test
24398,test
24399,test
24400,train
24401,test
24402,train
24403,valid
24404,train
24405,train
24406,train
24407,test
24408,test
24409,test
24410,train
24411,test
24412,train
24413,train
24414,test
24415,train
24416,train
24417,train
24418,train
24419,train
24420,test
24421,valid
24422,test
24423,test
24424,train
24425,test
24426,train
24427,test
24428,train
24429,train
24430,train
24431,test
24432,train
24433,train
24434,train
24435,train
24436,train
24437,train
24438,train
24439,train
24440,train
24441,train
24442,test
24443,train
24444,train
24445,train
24446,test
24447,test
24448,train
24449,train
24450,test
24451,train
24452,train
24453,valid
24454,train
24455,test
24456,train
24457,test
24458,train
24459,train
24460,test
24461,train
24462,valid
24463,test
24464,test
24465,train
24466,train
24467,train
24468,valid
24469,train
24470,train
24471,test
24472,valid
24473,train
24474,train
24475,train
24476,test
24477,train
24478,train
24479,train
24480,train
24481,test
24482,test
24483,test
24484,test
24485,train
24486,train
24487,train
24488,train
24489,train
24490,train
24491,test
24492,valid
24493,train
24494,train
24495,train
24496,train
24497,train
24498,train
24499,test
24500,train
24501,train
24502,train
24503,test
24504,train
24505,train
24506,train
24507,train
24508,valid
24509,train
24510,valid
24511,train
24512,test
24513,test
24514,test
24515,test
24516,test
24517,train
24518,train
24519,test
24520,train
24521,test
24522,train
24523,valid
24524,train
24525,train
24526,train
24527,train
24528,train
24529,train
24530,valid
24531,train
24532,test
24533,train
24534,train
24535,train
24536,train
24537,train
24538,train
24539,train
24540,test
24541,test
24542,train
24543,train
24544,train
24545,valid
24546,test
24547,train
24548,train
24549,train
24550,valid
24551,train
24552,test
24553,train
24554,train
24555,test
24556,train
24557,train
24558,train
24559,train
24560,train
24561,train
24562,train
24563,train
24564,train
24565,train
24566,train
24567,train
24568,train
24569,test
24570,train
24571,train
24572,train
24573,train
24574,train
24575,train
24576,train
24577,test
24578,test
24579,valid
24580,train
24581,valid
24582,train
24583,train
24584,train
24585,train
24586,test
24587,train
24588,train
24589,train
24590,test
24591,test
24592,train
24593,train
24594,train
24595,train
24596,train
24597,valid
24598,train
24599,train
24600,train
24601,test
24602,test
24603,test
24604,train
24605,train
24606,train
24607,train
24608,train
24609,valid
24610,train
24611,train
24612,train
24613,train
24614,train
24615,train
24616,train
24617,train
24618,train
24619,train
24620,train
24621,train
24622,test
24623,train
24624,test
24625,test
24626,train
24627,test
24628,train
24629,train
24630,train
24631,train
24632,train
24633,train
24634,valid
24635,test
24636,train
24637,train
24638,train
24639,train
24640,train
24641,train
24642,train
24643,test
24644,train
24645,train
24646,train
24647,test
24648,test
24649,train
24650,train
24651,train
24652,train
24653,test
24654,train
24655,train
24656,train
24657,train
24658,test
24659,test
24660,train
24661,train
24662,test
24663,train
24664,train
24665,test
24666,train
24667,test
24668,train
24669,train
24670,train
24671,train
24672,train
24673,valid
24674,valid
24675,test
24676,valid
24677,valid
24678,train
24679,train
24680,valid
24681,train
24682,train
24683,train
24684,train
24685,train
24686,train
24687,train
24688,train
24689,test
24690,train
24691,train
24692,test
24693,test
24694,train
24695,test
24696,train
24697,test
24698,valid
24699,train
24700,test
24701,train
24702,test
24703,valid
24704,train
24705,train
24706,train
24707,train
24708,train
24709,train
24710,train
24711,train
24712,train
24713,train
24714,train
24715,train
24716,train
24717,train
24718,valid
24719,train
24720,train
24721,train
24722,train
24723,train
24724,test
24725,train
24726,train
24727,train
24728,test
24729,train
24730,train
24731,test
24732,test
24733,test
24734,train
24735,train
24736,test
24737,train
24738,train
24739,train
24740,train
24741,test
24742,train
24743,valid
24744,train
24745,train
24746,train
24747,test
24748,test
24749,train
24750,train
24751,train
24752,test
24753,train
24754,train
24755,train
24756,test
24757,valid
24758,test
24759,train
24760,train
24761,train
24762,train
24763,train
24764,train
24765,train
24766,train
24767,test
24768,train
24769,test
24770,train
24771,valid
24772,train
24773,test
24774,test
24775,train
24776,test
24777,train
24778,train
24779,train
24780,train
24781,train
24782,train
24783,valid
24784,train
24785,train
24786,train
24787,train
24788,train
24789,test
24790,test
24791,train
24792,train
24793,test
24794,train
24795,test
24796,train
24797,train
24798,train
24799,test
24800,train
24801,train
24802,train
24803,train
24804,test
24805,train
24806,test
24807,train
24808,test
24809,valid
24810,train
24811,train
24812,train
24813,train
24814,train
24815,valid
24816,train
24817,train
24818,train
24819,valid
24820,train
24821,train
24822,train
24823,train
24824,train
24825,test
24826,train
24827,train
24828,train
24829,test
24830,train
24831,train
24832,train
24833,test
24834,train
24835,test
24836,test
24837,test
24838,train
24839,valid
24840,test
24841,valid
24842,test
24843,train
24844,train
24845,train
24846,train
24847,train
24848,train
24849,train
24850,train
24851,test
24852,train
24853,train
24854,test
24855,test
24856,train
24857,train
24858,train
24859,train
24860,train
24861,train
24862,train
24863,train
24864,train
24865,train
24866,test
24867,test
24868,test
24869,test
24870,test
24871,test
24872,train
24873,train
24874,test
24875,train
24876,test
24877,train
24878,train
24879,train
24880,train
24881,train
24882,train
24883,test
24884,train
24885,train
24886,train
24887,test
24888,train
24889,test
24890,train
24891,train
24892,train
24893,train
24894,test
24895,train
24896,test
24897,train
24898,train
24899,test
24900,train
24901,train
24902,train
24903,train
24904,train
24905,train
24906,test
24907,test
24908,valid
24909,test
24910,test
24911,valid
24912,valid
24913,train
24914,train
24915,train
24916,train
24917,valid
24918,train
24919,train
24920,train
24921,train
24922,test
24923,train
24924,train
24925,train
24926,train
24927,train
24928,test
24929,train
24930,train
24931,test
24932,train
24933,train
24934,train
24935,valid
24936,train
24937,train
24938,train
24939,train
24940,train
24941,train
24942,test
24943,train
24944,train
24945,train
24946,train
24947,valid
24948,train
24949,valid
24950,train
24951,train
24952,train
24953,train
24954,train
24955,train
24956,train
24957,train
24958,train
24959,train
24960,train
24961,train
24962,valid
24963,test
24964,train
24965,train
24966,train
24967,train
24968,test
24969,train
24970,train
24971,train
24972,valid
24973,train
24974,train
24975,train
24976,train
24977,train
24978,train
24979,train
24980,test
24981,test
24982,train
24983,train
24984,train
24985,train
24986,test
24987,valid
24988,train
24989,train
24990,train
24991,test
24992,test
24993,test
24994,train
24995,train
24996,train
24997,test
24998,test
24999,train
25000,train
25001,train
25002,valid
25003,train
25004,train
25005,train
25006,train
25007,train
25008,train
25009,train
25010,train
25011,train
25012,valid
25013,train
25014,test
25015,train
25016,train
25017,train
25018,train
25019,train
25020,train
25021,train
25022,test
25023,test
25024,train
25025,test
25026,train
25027,train
25028,train
25029,train
25030,train
25031,train
25032,train
25033,train
25034,test
25035,test
25036,train
25037,train
25038,train
25039,valid
25040,train
25041,train
25042,train
25043,train
25044,valid
25045,train
25046,train
25047,train
25048,train
25049,valid
25050,train
25051,test
25052,train
25053,train
25054,train
25055,train
25056,valid
25057,valid
25058,test
25059,train
25060,valid
25061,train
25062,test
25063,train
25064,test
25065,train
25066,test
25067,train
25068,train
25069,train
25070,train
25071,train
25072,train
25073,valid
25074,train
25075,train
25076,train
25077,train
25078,train
25079,train
25080,train
25081,valid
25082,test
25083,train
25084,test
25085,train
25086,train
25087,train
25088,train
25089,train
25090,train
25091,train
25092,train
25093,train
25094,test
25095,train
25096,train
25097,test
25098,train
25099,train
25100,train
25101,train
25102,train
25103,test
25104,train
25105,train
25106,train
25107,test
25108,test
25109,train
25110,valid
25111,train
25112,train
25113,train
25114,test
25115,train
25116,test
25117,test
25118,train
25119,train
25120,train
25121,train
25122,train
25123,train
25124,test
25125,train
25126,train
25127,train
25128,train
25129,train
25130,train
25131,train
25132,train
25133,train
25134,train
25135,valid
25136,train
25137,train
25138,valid
25139,train
25140,test
25141,train
25142,train
25143,train
25144,train
25145,train
25146,test
25147,train
25148,train
25149,test
25150,train
25151,train
25152,train
25153,train
25154,test
25155,train
25156,train
25157,train
25158,train
25159,train
25160,valid
25161,test
25162,train
25163,train
25164,train
25165,train
25166,train
25167,train
25168,test
25169,test
25170,train
25171,train
25172,train
25173,train
25174,train
25175,test
25176,train
25177,train
25178,test
25179,train
25180,valid
25181,train
25182,train
25183,test
25184,train
25185,valid
25186,train
25187,test
25188,train
25189,train
25190,train
25191,train
25192,train
25193,train
25194,train
25195,train
25196,test
25197,train
25198,test
25199,valid
25200,train
25201,train
25202,test
25203,test
25204,train
25205,train
25206,train
25207,train
25208,valid
25209,train
25210,test
25211,train
25212,train
25213,train
25214,test
25215,test
25216,train
25217,test
25218,test
25219,valid
25220,train
25221,train
25222,test
25223,train
25224,test
25225,train
25226,train
25227,train
25228,train
25229,train
25230,test
25231,train
25232,test
25233,train
25234,test
25235,train
25236,train
25237,train
25238,train
25239,test
25240,train
25241,test
25242,train
25243,train
25244,train
25245,train
25246,train
25247,train
25248,train
25249,train
25250,train
25251,train
25252,train
25253,train
25254,train
25255,test
25256,train
25257,test
25258,test
25259,train
25260,train
25261,valid
25262,train
25263,train
25264,train
25265,train
25266,train
25267,valid
25268,valid
25269,test
25270,train
25271,train
25272,train
25273,test
25274,valid
25275,valid
25276,train
25277,test
25278,train
25279,test
25280,train
25281,train
25282,train
25283,test
25284,test
25285,train
25286,train
25287,train
25288,train
25289,train
25290,train
25291,test
25292,train
25293,train
25294,train
25295,test
25296,test
25297,train
25298,train
25299,train
25300,train
25301,train
25302,valid
25303,train
25304,train
25305,train
25306,train
25307,test
25308,train
25309,valid
25310,train
25311,test
25312,train
25313,valid
25314,test
25315,train
25316,train
25317,train
25318,train
25319,test
25320,train
25321,train
25322,train
25323,test
25324,test
25325,test
25326,train
25327,test
25328,test
25329,train
25330,train
25331,valid
25332,train
25333,train
25334,valid
25335,train
25336,test
25337,test
25338,train
25339,train
25340,train
25341,test
25342,test
25343,train
25344,train
25345,test
25346,valid
25347,valid
25348,test
25349,train
25350,train
25351,train
25352,train
25353,train
25354,test
25355,test
25356,train
25357,train
25358,valid
25359,train
25360,valid
25361,test
25362,train
25363,train
25364,train
25365,train
25366,test
25367,train
25368,train
25369,valid
25370,test
25371,train
25372,train
25373,valid
25374,train
25375,train
25376,test
25377,train
25378,train
25379,train
25380,train
25381,train
25382,test
25383,test
25384,train
25385,test
25386,train
25387,test
25388,train
25389,test
25390,test
25391,valid
25392,train
25393,train
25394,train
25395,train
25396,train
25397,test
25398,valid
25399,train
25400,test
25401,test
25402,test
25403,train
25404,train
25405,train
25406,train
25407,train
25408,valid
25409,test
25410,train
25411,train
25412,train
25413,train
25414,train
25415,train
25416,train
25417,train
25418,test
25419,train
25420,train
25421,test
25422,test
25423,test
25424,train
25425,train
25426,train
25427,valid
25428,train
25429,test
25430,train
25431,test
25432,train
25433,train
25434,train
25435,train
25436,train
25437,train
25438,train
25439,train
25440,test
25441,train
25442,valid
25443,train
25444,test
25445,train
25446,train
25447,train
25448,test
25449,test
25450,test
25451,test
25452,test
25453,test
25454,test
25455,train
25456,train
25457,train
25458,train
25459,train
25460,train
25461,train
25462,train
25463,test
25464,train
25465,train
25466,train
25467,train
25468,test
25469,train
25470,test
25471,train
25472,train
25473,train
25474,train
25475,train
25476,train
25477,train
25478,train
25479,train
25480,test
25481,train
25482,test
25483,train
25484,train
25485,valid
25486,train
25487,train
25488,train
25489,train
25490,train
25491,train
25492,train
25493,train
25494,train
25495,valid
25496,test
25497,train
25498,test
25499,train
25500,test
25501,test
25502,test
25503,test
25504,test
25505,train
25506,train
25507,train
25508,train
25509,test
25510,valid
25511,train
25512,train
25513,train
25514,train
25515,train
25516,train
25517,train
25518,train
25519,train
25520,train
25521,train
25522,valid
25523,train
25524,train
25525,train
25526,train
25527,valid
25528,train
25529,test
25530,train
25531,train
25532,train
25533,train
25534,train
25535,test
25536,test
25537,valid
25538,train
25539,train
25540,train
25541,test
25542,train
25543,train
25544,train
25545,valid
25546,train
25547,train
25548,valid
25549,train
25550,train
25551,train
25552,train
25553,train
25554,train
25555,valid
25556,train
25557,valid
25558,train
25559,train
25560,valid
25561,train
25562,train
25563,test
25564,train
25565,train
25566,train
25567,valid
25568,train
25569,train
25570,valid
25571,train
25572,test
25573,train
25574,test
25575,valid
25576,test
25577,test
25578,test
25579,train
25580,train
25581,train
25582,valid
25583,train
25584,train
25585,train
25586,train
25587,train
25588,test
25589,train
25590,valid
25591,train
25592,test
25593,train
25594,test
25595,train
25596,train
25597,train
25598,train
25599,train
25600,train
25601,test
25602,train
25603,train
25604,train
25605,test
25606,test
25607,train
25608,train
25609,train
25610,train
25611,test
25612,train
25613,train
25614,train
25615,train
25616,train
25617,test
25618,train
25619,train
25620,train
25621,train
25622,train
25623,train
25624,train
25625,test
25626,test
25627,train
25628,test
25629,train
25630,train
25631,train
25632,valid
25633,test
25634,test
25635,valid
25636,train
25637,train
25638,valid
25639,test
25640,test
25641,train
25642,train
25643,test
25644,train
25645,train
25646,train
25647,train
25648,train
25649,train
25650,train
25651,valid
25652,valid
25653,train
25654,train
25655,test
25656,train
25657,train
25658,train
25659,train
25660,test
25661,train
25662,valid
25663,train
25664,train
25665,test
25666,train
25667,test
25668,train
25669,valid
25670,test
25671,train
25672,train
25673,train
25674,test
25675,train
25676,valid
25677,train
25678,train
25679,train
25680,train
25681,test
25682,valid
25683,train
25684,valid
25685,test
25686,test
25687,train
25688,train
25689,test
25690,train
25691,valid
25692,train
25693,test
25694,train
25695,valid
25696,test
25697,test
25698,train
25699,train
25700,valid
25701,train
25702,train
25703,test
25704,train
25705,test
25706,train
25707,test
25708,train
25709,train
25710,train
25711,train
25712,train
25713,train
25714,train
25715,test
25716,train
25717,train
25718,train
25719,train
25720,train
25721,train
25722,train
25723,train
25724,train
25725,train
25726,train
25727,train
25728,valid
25729,train
25730,train
25731,test
25732,train
25733,test
25734,train
25735,train
25736,test
25737,train
25738,test
25739,train
25740,train
25741,valid
25742,train
25743,valid
25744,train
25745,train
25746,train
25747,train
25748,train
25749,train
25750,train
25751,train
25752,test
25753,valid
25754,train
25755,train
25756,test
25757,train
25758,train
25759,train
25760,train
25761,train
25762,train
25763,train
25764,train
25765,train
25766,train
25767,train
25768,train
25769,test
25770,train
25771,train
25772,test
25773,test
25774,train
25775,train
25776,test
25777,test
25778,train
25779,test
25780,test
25781,train
25782,train
25783,train
25784,test
25785,train
25786,test
25787,train
25788,train
25789,train
25790,valid
25791,train
25792,train
25793,train
25794,valid
25795,train
25796,train
25797,train
25798,test
25799,train
25800,test
25801,test
25802,train
25803,train
25804,valid
25805,train
25806,train
25807,train
25808,train
25809,train
25810,train
25811,train
25812,train
25813,train
25814,test
25815,test
25816,test
25817,train
25818,train
25819,test
25820,valid
25821,train
25822,train
25823,train
25824,test
25825,train
25826,train
25827,train
25828,test
25829,train
25830,train
25831,train
25832,train
25833,train
25834,valid
25835,train
25836,train
25837,train
25838,train
25839,train
25840,train
25841,train
25842,test
25843,train
25844,test
25845,train
25846,train
25847,test
25848,train
25849,test
25850,train
25851,train
25852,train
25853,train
25854,test
25855,train
25856,test
25857,train
25858,test
25859,train
25860,valid
25861,train
25862,train
25863,train
25864,test
25865,train
25866,train
25867,test
25868,test
25869,train
25870,test
25871,test
25872,valid
25873,test
25874,train
25875,train
25876,train
25877,train
25878,train
25879,train
25880,train
25881,train
25882,train
25883,test
25884,train
25885,test
25886,valid
25887,valid
25888,train
25889,train
25890,train
25891,train
25892,train
25893,train
25894,test
25895,train
25896,train
25897,train
25898,train
25899,test
25900,train
25901,train
25902,train
25903,test
25904,train
25905,test
25906,test
25907,train
25908,train
25909,train
25910,test
25911,train
25912,test
25913,valid
25914,test
25915,test
25916,train
25917,test
25918,train
25919,train
25920,test
25921,train
25922,train
25923,train
25924,train
25925,valid
25926,train
25927,train
25928,test
25929,test
25930,train
25931,train
25932,train
25933,train
25934,train
25935,valid
25936,train
25937,train
25938,test
25939,train
25940,train
25941,train
25942,train
25943,valid
25944,train
25945,train
25946,train
25947,train
25948,test
25949,valid
25950,train
25951,train
25952,valid
25953,train
25954,test
25955,test
25956,train
25957,valid
25958,test
25959,test
25960,train
25961,train
25962,train
25963,train
25964,train
25965,train
25966,train
25967,train
25968,train
25969,train
25970,train
25971,train
25972,train
25973,train
25974,train
25975,test
25976,test
25977,test
25978,train
25979,train
25980,valid
25981,test
25982,train
25983,train
25984,valid
25985,train
25986,train
25987,train
25988,train
25989,test
25990,valid
25991,train
25992,train
25993,train
25994,train
25995,train
25996,test
25997,train
25998,train
25999,train
26000,train
26001,train
26002,test
26003,test
26004,test
26005,train
26006,train
26007,train
26008,test
26009,train
26010,test
26011,train
26012,train
26013,valid
26014,train
26015,train
26016,train
26017,train
26018,train
26019,test
26020,valid
26021,test
26022,train
26023,valid
26024,train
26025,test
26026,train
26027,train
26028,valid
26029,train
26030,valid
26031,test
26032,valid
26033,valid
26034,train
26035,test
26036,valid
26037,train
26038,train
26039,test
26040,train
26041,train
26042,train
26043,train
26044,train
26045,train
26046,valid
26047,test
26048,train
26049,train
26050,test
26051,train
26052,test
26053,test
26054,train
26055,train
26056,train
26057,train
26058,train
26059,train
26060,valid
26061,train
26062,test
26063,train
26064,train
26065,train
26066,train
26067,train
26068,test
26069,train
26070,train
26071,train
26072,train
26073,train
26074,train
26075,test
26076,train
26077,train
26078,test
26079,train
26080,train
26081,train
26082,train
26083,train
26084,valid
26085,train
26086,valid
26087,train
26088,test
26089,train
26090,train
26091,valid
26092,test
26093,train
26094,test
26095,train
26096,train
26097,train
26098,train
26099,train
26100,test
26101,train
26102,train
26103,train
26104,train
26105,train
26106,train
26107,train
26108,valid
26109,train
26110,train
26111,train
26112,train
26113,test
26114,train
26115,train
26116,train
26117,valid
26118,valid
26119,train
26120,test
26121,train
26122,train
26123,train
26124,train
26125,train
26126,test
26127,train
26128,train
26129,test
26130,train
26131,test
26132,test
26133,train
26134,train
26135,train
26136,train
26137,train
26138,test
26139,test
26140,test
26141,train
26142,test
26143,test
26144,train
26145,train
26146,train
26147,valid
26148,valid
26149,train
26150,train
26151,train
26152,train
26153,test
26154,train
26155,train
26156,valid
26157,train
26158,train
26159,train
26160,train
26161,train
26162,train
26163,test
26164,valid
26165,train
26166,valid
26167,train
26168,train
26169,train
26170,train
26171,valid
26172,train
26173,valid
26174,train
26175,train
26176,train
26177,test
26178,train
26179,train
26180,train
26181,train
26182,train
26183,train
26184,train
26185,train
26186,train
26187,train
26188,train
26189,test
26190,train
26191,train
26192,train
26193,train
26194,train
26195,train
26196,train
26197,train
26198,train
26199,test
26200,train
26201,train
26202,valid
26203,train
26204,train
26205,valid
26206,train
26207,train
26208,train
26209,train
26210,train
26211,train
26212,train
26213,train
26214,train
26215,train
26216,train
26217,test
26218,train
26219,train
26220,train
26221,train
26222,valid
26223,train
26224,valid
26225,train
26226,train
26227,test
26228,train
26229,valid
26230,train
26231,valid
26232,test
26233,train
26234,train
26235,train
26236,test
26237,train
26238,train
26239,test
26240,train
26241,test
26242,valid
26243,train
26244,test
26245,train
26246,test
26247,train
26248,train
26249,train
26250,train
26251,train
26252,train
26253,test
26254,test
26255,train
26256,test
26257,train
26258,test
26259,train
26260,test
26261,train
26262,train
26263,train
26264,train
26265,train
26266,train
26267,test
26268,test
26269,valid
26270,train
26271,train
26272,test
26273,train
26274,test
26275,train
26276,train
26277,valid
26278,test
26279,train
26280,train
26281,train
26282,train
26283,test
26284,train
26285,train
26286,train
26287,test
26288,test
26289,test
26290,train
26291,train
26292,train
26293,train
26294,train
26295,test
26296,train
26297,train
26298,train
26299,valid
26300,test
26301,valid
26302,train
26303,train
26304,train
26305,train
26306,train
26307,train
26308,test
26309,train
26310,train
26311,train
26312,train
26313,test
26314,train
26315,train
26316,valid
26317,test
26318,train
26319,train
26320,train
26321,train
26322,train
26323,train
26324,train
26325,test
26326,train
26327,test
26328,test
26329,train
26330,train
26331,test
26332,train
26333,train
26334,train
26335,train
26336,train
26337,train
26338,test
26339,train
26340,train
26341,train
26342,valid
26343,train
26344,train
26345,train
26346,test
26347,valid
26348,train
26349,train
26350,train
26351,train
26352,train
26353,train
26354,train
26355,test
26356,test
26357,train
26358,valid
26359,train
26360,train
26361,train
26362,train
26363,train
26364,train
26365,train
26366,valid
26367,test
26368,test
26369,test
26370,train
26371,train
26372,test
26373,train
26374,valid
26375,train
26376,test
26377,test
26378,test
26379,valid
26380,test
26381,train
26382,train
26383,train
26384,train
26385,train
26386,train
26387,train
26388,train
26389,train
26390,train
26391,train
26392,train
26393,train
26394,test
26395,train
26396,train
26397,train
26398,train
26399,train
26400,train
26401,train
26402,valid
26403,train
26404,valid
26405,test
26406,train
26407,valid
26408,valid
26409,valid
26410,train
26411,train
26412,test
26413,train
26414,train
26415,train
26416,train
26417,train
26418,train
26419,test
26420,train
26421,test
26422,train
26423,test
26424,test
26425,train
26426,valid
26427,train
26428,test
26429,train
26430,test
26431,test
26432,train
26433,train
26434,train
26435,train
26436,train
26437,train
26438,train
26439,train
26440,train
26441,test
26442,valid
26443,train
26444,train
26445,train
26446,test
26447,train
26448,train
26449,test
26450,test
26451,train
26452,valid
26453,train
26454,train
26455,test
26456,train
26457,valid
26458,valid
26459,train
26460,train
26461,train
26462,train
26463,test
26464,train
26465,train
26466,train
26467,valid
26468,train
26469,train
26470,test
26471,train
26472,train
26473,train
26474,train
26475,test
26476,train
26477,train
26478,test
26479,train
26480,train
26481,train
26482,train
26483,train
26484,test
26485,train
26486,test
26487,train
26488,test
26489,train
26490,train
26491,train
26492,train
26493,valid
26494,train
26495,test
26496,train
26497,train
26498,train
26499,train
26500,train
26501,train
26502,train
26503,train
26504,train
26505,train
26506,train
26507,train
26508,train
26509,test
26510,valid
26511,valid
26512,train
26513,valid
26514,test
26515,train
26516,valid
26517,test
26518,train
26519,train
26520,train
26521,train
26522,train
26523,train
26524,train
26525,train
26526,valid
26527,train
26528,test
26529,train
26530,test
26531,test
26532,train
26533,test
26534,train
26535,valid
26536,train
26537,train
26538,train
26539,train
26540,test
26541,train
26542,train
26543,train
26544,train
26545,valid
26546,train
26547,train
26548,train
26549,valid
26550,train
26551,test
26552,train
26553,train
26554,train
26555,train
26556,train
26557,train
26558,train
26559,train
26560,train
26561,train
26562,train
26563,valid
26564,train
26565,train
26566,valid
26567,train
26568,train
26569,test
26570,valid
26571,train
26572,train
26573,train
26574,train
26575,train
26576,train
26577,train
26578,train
26579,train
26580,test
26581,valid
26582,train
26583,train
26584,train
26585,test
26586,train
26587,train
26588,test
26589,valid
26590,train
26591,test
26592,valid
26593,train
26594,train
26595,train
26596,test
26597,train
26598,train
26599,test
26600,train
26601,train
26602,train
26603,test
26604,train
26605,train
26606,train
26607,valid
26608,train
26609,train
26610,train
26611,train
26612,train
26613,train
26614,train
26615,train
26616,train
26617,valid
26618,train
26619,test
26620,test
26621,train
26622,train
26623,test
26624,valid
26625,train
26626,train
26627,train
26628,train
26629,test
26630,train
26631,train
26632,train
26633,train
26634,train
26635,train
26636,test
26637,train
26638,train
26639,train
26640,train
26641,train
26642,train
26643,test
26644,test
26645,test
26646,valid
26647,train
26648,test
26649,train
26650,train
26651,train
26652,test
26653,train
26654,train
26655,train
26656,train
26657,train
26658,valid
26659,train
26660,train
26661,valid
26662,train
26663,train
26664,train
26665,train
26666,train
26667,test
26668,train
26669,train
26670,train
26671,train
26672,valid
26673,train
26674,train
26675,train
26676,test
26677,test
26678,train
26679,train
26680,train
26681,test
26682,test
26683,train
26684,train
26685,train
26686,train
26687,test
26688,train
26689,train
26690,test
26691,train
26692,train
26693,train
26694,train
26695,train
26696,test
26697,train
26698,train
26699,train
26700,train
26701,test
26702,train
26703,train
26704,train
26705,train
26706,train
26707,train
26708,valid
26709,train
26710,train
26711,train
26712,train
26713,train
26714,train
26715,train
26716,train
26717,train
26718,train
26719,train
26720,valid
26721,train
26722,test
26723,test
26724,train
26725,valid
26726,test
26727,valid
26728,valid
26729,test
26730,valid
26731,train
26732,train
26733,train
26734,train
26735,train
26736,valid
26737,train
26738,train
26739,train
26740,test
26741,train
26742,train
26743,train
26744,test
26745,train
26746,train
26747,test
26748,train
26749,train
26750,test
26751,test
26752,train
26753,test
26754,train
26755,train
26756,train
26757,train
26758,train
26759,test
26760,train
26761,train
26762,train
26763,train
26764,train
26765,train
26766,train
26767,train
26768,test
26769,train
26770,train
26771,train
26772,train
26773,train
26774,train
26775,train
26776,train
26777,train
26778,train
26779,test
26780,test
26781,test
26782,valid
26783,train
26784,train
26785,test
26786,train
26787,train
26788,train
26789,train
26790,train
26791,train
26792,train
26793,train
26794,train
26795,train
26796,train
26797,train
26798,train
26799,valid
26800,valid
26801,train
26802,train
26803,train
26804,train
26805,valid
26806,test
26807,train
26808,train
26809,train
26810,train
26811,train
26812,test
26813,train
26814,train
26815,train
26816,train
26817,train
26818,train
26819,test
26820,train
26821,train
26822,train
26823,train
26824,valid
26825,train
26826,train
26827,valid
26828,train
26829,train
26830,valid
26831,train
26832,train
26833,train
26834,train
26835,train
26836,test
26837,train
26838,test
26839,valid
26840,train
26841,valid
26842,train
26843,train
26844,train
26845,test
26846,train
26847,train
26848,test
26849,train
26850,train
26851,train
26852,train
26853,train
26854,test
26855,train
26856,train
26857,train
26858,train
26859,test
26860,train
26861,train
26862,test
26863,valid
26864,train
26865,train
26866,test
26867,train
26868,test
26869,train
26870,train
26871,train
26872,test
26873,train
26874,train
26875,train
26876,test
26877,valid
26878,valid
26879,train
26880,test
26881,valid
26882,test
26883,valid
26884,train
26885,train
26886,train
26887,train
26888,valid
26889,train
26890,valid
26891,test
26892,train
26893,train
26894,train
26895,train
26896,train
26897,train
26898,train
26899,valid
26900,train
26901,train
26902,train
26903,train
26904,train
26905,test
26906,valid
26907,train
26908,test
26909,valid
26910,train
26911,train
26912,valid
26913,test
26914,train
26915,valid
26916,train
26917,train
26918,test
26919,train
26920,train
26921,valid
26922,train
26923,train
26924,train
26925,train
26926,train
26927,test
26928,train
26929,valid
26930,test
26931,test
26932,train
26933,valid
26934,valid
26935,valid
26936,train
26937,train
26938,train
26939,train
26940,train
26941,train
26942,train
26943,train
26944,valid
26945,train
26946,test
26947,train
26948,train
26949,test
26950,train
26951,train
26952,train
26953,train
26954,train
26955,train
26956,train
26957,train
26958,train
26959,valid
26960,test
26961,train
26962,train
26963,train
26964,train
26965,test
26966,train
26967,train
26968,train
26969,test
26970,train
26971,train
26972,train
26973,train
26974,train
26975,train
26976,train
26977,train
26978,train
26979,test
26980,train
26981,valid
26982,train
26983,train
26984,train
26985,valid
26986,train
26987,train
26988,train
26989,train
26990,train
26991,test
26992,train
26993,train
26994,train
26995,train
26996,valid
26997,train
26998,train
26999,train
27000,test
27001,train
27002,train
27003,train
27004,train
27005,train
27006,test
27007,valid
27008,train
27009,train
27010,train
27011,train
27012,train
27013,test
27014,train
27015,train
27016,valid
27017,test
27018,test
27019,valid
27020,train
27021,train
27022,train
27023,train
27024,train
27025,train
27026,valid
27027,train
27028,valid
27029,train
27030,train
27031,train
27032,train
27033,train
27034,valid
27035,test
27036,train
27037,test
27038,train
27039,train
27040,test
27041,train
27042,test
27043,train
27044,train
27045,train
27046,train
27047,test
27048,test
27049,train
27050,train
27051,train
27052,train
27053,train
27054,train
27055,train
27056,test
27057,train
27058,train
27059,train
27060,train
27061,valid
27062,test
27063,train
27064,test
27065,train
27066,train
27067,train
27068,train
27069,test
27070,test
27071,test
27072,valid
27073,train
27074,train
27075,train
27076,valid
27077,valid
27078,train
27079,train
27080,test
27081,test
27082,train
27083,train
27084,train
27085,train
27086,train
27087,test
27088,train
27089,test
27090,train
27091,test
27092,train
27093,train
27094,test
27095,test
27096,train
27097,train
27098,test
27099,train
27100,train
27101,train
27102,test
27103,test
27104,valid
27105,test
27106,train
27107,train
27108,train
27109,test
27110,train
27111,train
27112,valid
27113,train
27114,valid
27115,train
27116,train
27117,test
27118,valid
27119,train
27120,train
27121,train
27122,train
27123,train
27124,train
27125,train
27126,train
27127,train
27128,train
27129,train
27130,train
27131,test
27132,train
27133,train
27134,train
27135,train
27136,valid
27137,valid
27138,train
27139,test
27140,train
27141,test
27142,train
27143,train
27144,train
27145,train
27146,train
27147,train
27148,train
27149,train
27150,test
27151,test
27152,train
27153,train
27154,train
27155,train
27156,train
27157,test
27158,test
27159,valid
27160,train
27161,train
27162,train
27163,test
27164,train
27165,test
27166,train
27167,train
27168,test
27169,valid
27170,train
27171,train
27172,train
27173,valid
27174,train
27175,train
27176,train
27177,train
27178,train
27179,valid
27180,train
27181,train
27182,train
27183,train
27184,test
27185,valid
27186,train
27187,train
27188,valid
27189,train
27190,test
27191,train
27192,train
27193,train
27194,test
27195,train
27196,test
27197,test
27198,valid
27199,train
27200,train
27201,train
27202,train
27203,train
27204,train
27205,test
27206,train
27207,train
27208,train
27209,train
27210,train
27211,train
27212,train
27213,test
27214,train
27215,train
27216,train
27217,test
27218,train
27219,train
27220,test
27221,train
27222,train
27223,valid
27224,train
27225,test
27226,train
27227,train
27228,test
27229,train
27230,test
27231,test
27232,test
27233,train
27234,train
27235,valid
27236,test
27237,train
27238,train
27239,train
27240,train
27241,test
27242,train
27243,valid
27244,train
27245,train
27246,train
27247,train
27248,train
27249,test
27250,train
27251,train
27252,train
27253,train
27254,train
27255,test
27256,train
27257,train
27258,test
27259,train
27260,valid
27261,test
27262,train
27263,train
27264,train
27265,train
27266,train
27267,train
27268,test
27269,valid
27270,test
27271,test
27272,train
27273,train
27274,test
27275,train
27276,train
27277,valid
27278,train
27279,train
27280,train
27281,train
27282,train
27283,train
27284,train
27285,train
27286,train
27287,train
27288,train
27289,train
27290,test
27291,train
27292,train
27293,train
27294,train
27295,train
27296,train
27297,train
27298,train
27299,train
27300,train
27301,train
27302,train
27303,valid
27304,train
27305,test
27306,valid
27307,train
27308,train
27309,test
27310,test
27311,test
27312,train
27313,test
27314,train
27315,test
27316,train
27317,test
27318,train
27319,train
27320,train
27321,train
27322,train
27323,train
27324,train
27325,train
27326,train
27327,train
27328,train
27329,train
27330,train
27331,test
27332,train
27333,train
27334,train
27335,test
27336,train
27337,train
27338,train
27339,train
27340,test
27341,train
27342,valid
27343,train
27344,train
27345,train
27346,train
27347,train
27348,test
27349,train
27350,train
27351,train
27352,train
27353,test
27354,train
27355,train
27356,valid
27357,train
27358,train
27359,train
27360,train
27361,train
27362,train
27363,train
27364,train
27365,train
27366,valid
27367,valid
27368,train
27369,train
27370,train
27371,train
27372,train
27373,train
27374,train
27375,train
27376,test
27377,valid
27378,valid
27379,test
27380,train
27381,test
27382,train
27383,train
27384,train
27385,train
27386,test
27387,train
27388,test
27389,test
27390,valid
27391,train
27392,train
27393,train
27394,train
27395,train
27396,train
27397,train
27398,valid
27399,train
27400,valid
27401,train
27402,train
27403,train
27404,train
27405,test
27406,train
27407,test
27408,test
27409,train
27410,valid
27411,valid
27412,valid
27413,train
27414,train
27415,test
27416,train
27417,train
27418,train
27419,train
27420,train
27421,train
27422,train
27423,test
27424,train
27425,train
27426,valid
27427,valid
27428,test
27429,train
27430,train
27431,train
27432,test
27433,valid
27434,train
27435,train
27436,train
27437,valid
27438,train
27439,train
27440,train
27441,train
27442,train
27443,train
27444,train
27445,train
27446,train
27447,train
27448,test
27449,train
27450,valid
27451,test
27452,test
27453,train
27454,train
27455,train
27456,train
27457,train
27458,train
27459,test
27460,train
27461,train
27462,train
27463,train
27464,train
27465,train
27466,train
27467,train
27468,train
27469,train
27470,test
27471,test
27472,test
27473,train
27474,test
27475,valid
27476,train
27477,train
27478,valid
27479,train
27480,train
27481,train
27482,train
27483,train
27484,train
27485,test
27486,test
27487,test
27488,train
27489,test
27490,train
27491,train
27492,valid
27493,train
27494,train
27495,valid
27496,train
27497,train
27498,train
27499,train
27500,train
27501,train
27502,test
27503,train
27504,test
27505,train
27506,test
27507,train
27508,train
27509,train
27510,train
27511,train
27512,train
27513,train
27514,test
27515,train
27516,test
27517,test
27518,train
27519,test
27520,train
27521,valid
27522,train
27523,train
27524,train
27525,train
27526,test
27527,train
27528,test
27529,train
27530,train
27531,train
27532,train
27533,train
27534,train
27535,train
27536,train
27537,train
27538,train
27539,train
27540,train
27541,train
27542,train
27543,test
27544,train
27545,valid
27546,test
27547,train
27548,train
27549,train
27550,train
27551,test
27552,test
27553,train
27554,valid
27555,train
27556,train
27557,train
27558,test
27559,test
27560,train
27561,train
27562,train
27563,train
27564,train
27565,train
27566,test
27567,test
27568,valid
27569,test
27570,train
27571,valid
27572,train
27573,train
27574,train
27575,train
27576,train
27577,test
27578,train
27579,valid
27580,valid
27581,test
27582,train
27583,train
27584,train
27585,test
27586,train
27587,test
27588,train
27589,train
27590,train
27591,train
27592,test
27593,train
27594,train
27595,train
27596,train
27597,valid
27598,train
27599,train
27600,train
27601,test
27602,train
27603,train
27604,train
27605,train
27606,train
27607,train
27608,train
27609,test
27610,train
27611,train
27612,valid
27613,train
27614,train
27615,test
27616,valid
27617,valid
27618,train
27619,test
27620,train
27621,test
27622,train
27623,train
27624,test
27625,test
27626,train
27627,valid
27628,test
27629,train
27630,test
27631,train
27632,train
27633,train
27634,train
27635,train
27636,valid
27637,train
27638,train
27639,train
27640,train
27641,test
27642,test
27643,train
27644,train
27645,train
27646,train
27647,train
27648,train
27649,test
27650,test
27651,train
27652,train
27653,test
27654,train
27655,train
27656,train
27657,train
27658,test
27659,train
27660,train
27661,train
27662,train
27663,train
27664,train
27665,train
27666,test
27667,train
27668,train
27669,train
27670,train
27671,valid
27672,valid
27673,train
27674,train
27675,train
27676,valid
27677,train
27678,valid
27679,train
27680,train
27681,test
27682,train
27683,test
27684,train
27685,train
27686,test
27687,train
27688,train
27689,train
27690,train
27691,train
27692,valid
27693,train
27694,train
27695,train
27696,train
27697,train
27698,train
27699,test
27700,train
27701,train
27702,train
27703,train
27704,test
27705,train
27706,train
27707,train
27708,train
27709,train
27710,train
27711,valid
27712,train
27713,train
27714,train
27715,train
27716,train
27717,train
27718,test
27719,train
27720,train
27721,train
27722,train
27723,valid
27724,train
27725,train
27726,train
27727,train
27728,train
27729,train
27730,train
27731,train
27732,test
27733,train
27734,train
27735,train
27736,test
27737,train
27738,test
27739,train
27740,train
27741,valid
27742,train
27743,test
27744,test
27745,train
27746,valid
27747,train
27748,train
27749,train
27750,train
27751,test
27752,train
27753,test
27754,test
27755,train
27756,train
27757,train
27758,test
27759,train
27760,valid
27761,train
27762,test
27763,test
27764,test
27765,train
27766,train
27767,valid
27768,train
27769,valid
27770,train
27771,train
27772,train
27773,train
27774,train
27775,train
27776,train
27777,train
27778,train
27779,train
27780,valid
27781,train
27782,train
27783,train
27784,test
27785,train
27786,valid
27787,train
27788,train
27789,train
27790,test
27791,train
27792,train
27793,test
27794,train
27795,train
27796,train
27797,train
27798,train
27799,valid
27800,train
27801,test
27802,train
27803,test
27804,train
27805,train
27806,train
27807,train
27808,train
27809,train
27810,train
27811,train
27812,train
27813,train
27814,train
27815,train
27816,train
27817,train
27818,valid
27819,valid
27820,test
27821,valid
27822,train
27823,valid
27824,train
27825,valid
27826,valid
27827,train
27828,train
27829,train
27830,test
27831,train
27832,train
27833,train
27834,train
27835,train
27836,valid
27837,train
27838,train
27839,train
27840,train
27841,test
27842,test
27843,valid
27844,train
27845,train
27846,train
27847,train
27848,test
27849,train
27850,train
27851,train
27852,train
27853,train
27854,train
27855,train
27856,train
27857,train
27858,train
27859,valid
27860,train
27861,train
27862,test
27863,train
27864,test
27865,test
27866,train
27867,train
27868,test
27869,train
27870,valid
27871,train
27872,valid
27873,test
27874,test
27875,train
27876,test
27877,train
27878,train
27879,train
27880,train
27881,train
27882,train
27883,train
27884,train
27885,train
27886,train
27887,valid
27888,train
27889,train
27890,test
27891,train
27892,test
27893,valid
27894,train
27895,valid
27896,train
27897,train
27898,train
27899,train
27900,train
27901,train
27902,train
27903,test
27904,test
27905,train
27906,train
27907,train
27908,train
27909,train
27910,train
27911,train
27912,train
27913,test
27914,test
27915,train
27916,train
27917,train
27918,train
27919,train
27920,train
27921,train
27922,train
27923,train
27924,train
27925,train
27926,train
27927,train
27928,train
27929,test
27930,train
27931,train
27932,train
27933,train
27934,valid
27935,train
27936,train
27937,train
27938,train
27939,train
27940,test
27941,train
27942,train
27943,valid
27944,train
27945,test
27946,train
27947,test
27948,test
27949,train
27950,train
27951,train
27952,valid
27953,train
27954,train
27955,train
27956,train
27957,valid
27958,train
27959,test
27960,valid
27961,train
27962,train
27963,train
27964,valid
27965,train
27966,train
27967,train
27968,train
27969,train
27970,train
27971,train
27972,train
27973,train
27974,test
27975,train
27976,train
27977,valid
27978,train
27979,train
27980,train
27981,train
27982,train
27983,train
27984,test
27985,train
27986,train
27987,valid
27988,train
27989,train
27990,train
27991,train
27992,train
27993,train
27994,train
27995,test
27996,test
27997,train
27998,train
27999,test
28000,train
28001,valid
28002,test
28003,test
28004,train
28005,train
28006,train
28007,train
28008,train
28009,train
28010,train
28011,train
28012,train
28013,train
28014,test
28015,train
28016,train
28017,train
28018,train
28019,valid
28020,test
28021,train
28022,train
28023,valid
28024,train
28025,valid
28026,valid
28027,train
28028,test
28029,train
28030,test
28031,train
28032,test
28033,train
28034,train
28035,test
28036,train
28037,train
28038,train
28039,train
28040,test
28041,valid
28042,train
28043,train
28044,train
28045,test
28046,train
28047,train
28048,valid
28049,train
28050,train
28051,train
28052,test
28053,train
28054,train
28055,test
28056,train
28057,train
28058,test
28059,test
28060,test
28061,valid
28062,train
28063,train
28064,train
28065,test
28066,train
28067,train
28068,train
28069,train
28070,train
28071,test
28072,train
28073,train
28074,valid
28075,train
28076,train
28077,train
28078,train
28079,train
28080,train
28081,train
28082,train
28083,valid
28084,train
28085,test
28086,train
28087,test
28088,train
28089,train
28090,test
28091,train
28092,train
28093,test
28094,train
28095,test
28096,train
28097,train
28098,train
28099,train
28100,train
28101,train
28102,train
28103,train
28104,test
28105,test
28106,train
28107,train
28108,train
28109,train
28110,train
28111,valid
28112,test
28113,train
28114,train
28115,train
28116,train
28117,train
28118,train
28119,test
28120,train
28121,valid
28122,train
28123,train
28124,train
28125,train
28126,train
28127,test
28128,test
28129,train
28130,train
28131,valid
28132,test
28133,train
28134,test
28135,train
28136,test
28137,train
28138,train
28139,test
28140,valid
28141,train
28142,train
28143,train
28144,train
28145,test
28146,train
28147,train
28148,train
28149,train
28150,train
28151,train
28152,train
28153,train
28154,train
28155,test
28156,train
28157,test
28158,train
28159,train
28160,train
28161,train
28162,valid
28163,train
28164,valid
28165,train
28166,train
28167,train
28168,train
28169,train
28170,train
28171,test
28172,train
28173,train
28174,train
28175,test
28176,test
28177,valid
28178,test
28179,train
28180,train
28181,test
28182,train
28183,valid
28184,train
28185,test
28186,train
28187,train
28188,test
28189,train
28190,train
28191,train
28192,test
28193,test
28194,train
28195,test
28196,valid
28197,train
28198,train
28199,test
28200,train
28201,train
28202,test
28203,train
28204,train
28205,train
28206,train
28207,train
28208,train
28209,train
28210,train
28211,train
28212,train
28213,valid
28214,train
28215,train
28216,train
28217,train
28218,train
28219,train
28220,train
28221,train
28222,train
28223,test
28224,train
28225,test
28226,train
28227,test
28228,train
28229,test
28230,train
28231,test
28232,test
28233,test
28234,valid
28235,train
28236,train
28237,train
28238,train
28239,train
28240,train
28241,train
28242,train
28243,train
28244,train
28245,train
28246,train
28247,valid
28248,train
28249,train
28250,train
28251,train
28252,train
28253,train
28254,train
28255,test
28256,test
28257,train
28258,train
28259,train
28260,test
28261,train
28262,valid
28263,train
28264,train
28265,train
28266,train
28267,train
28268,train
28269,train
28270,train
28271,train
28272,train
28273,train
28274,train
28275,test
28276,train
28277,train
28278,test
28279,test
28280,train
28281,train
28282,train
28283,train
28284,test
28285,train
28286,train
28287,train
28288,train
28289,test
28290,train
28291,train
28292,train
28293,test
28294,train
28295,train
28296,train
28297,valid
28298,train
28299,train
28300,train
28301,train
28302,train
28303,valid
28304,train
28305,test
28306,train
28307,train
28308,train
28309,train
28310,train
28311,train
28312,test
28313,valid
28314,train
28315,train
28316,train
28317,train
28318,train
28319,test
28320,train
28321,train
28322,train
28323,train
28324,train
28325,train
28326,train
28327,train
28328,train
28329,train
28330,train
28331,valid
28332,train
28333,train
28334,train
28335,train
28336,train
28337,test
28338,train
28339,train
28340,train
28341,test
28342,train
28343,train
28344,test
28345,test
28346,train
28347,train
28348,valid
28349,train
28350,train
28351,train
28352,test
28353,train
28354,test
28355,train
28356,train
28357,test
28358,train
28359,train
28360,train
28361,train
28362,valid
28363,train
28364,test
28365,valid
28366,valid
28367,train
28368,train
28369,train
28370,train
28371,train
28372,valid
28373,train
28374,train
28375,train
28376,train
28377,train
28378,train
28379,train
28380,train
28381,train
28382,train
28383,test
28384,train
28385,test
28386,test
28387,train
28388,valid
28389,train
28390,train
28391,train
28392,train
28393,train
28394,train
28395,train
28396,valid
28397,valid
28398,train
28399,train
28400,train
28401,valid
28402,train
28403,train
28404,test
28405,train
28406,train
28407,test
28408,test
28409,train
28410,train
28411,test
28412,train
28413,train
28414,train
28415,train
28416,train
28417,train
28418,train
28419,test
28420,test
28421,train
28422,train
28423,train
28424,train
28425,train
28426,train
28427,train
28428,train
28429,train
28430,train
28431,train
28432,train
28433,test
28434,test
28435,test
28436,train
28437,train
28438,train
28439,valid
28440,train
28441,train
28442,train
28443,train
28444,train
28445,train
28446,train
28447,train
28448,valid
28449,train
28450,test
28451,train
28452,train
28453,test
28454,train
28455,train
28456,train
28457,train
28458,train
28459,train
28460,train
28461,train
28462,train
28463,test
28464,train
28465,test
28466,train
28467,train
28468,valid
28469,train
28470,valid
28471,valid
28472,valid
28473,train
28474,train
28475,train
28476,test
28477,test
28478,test
28479,train
28480,train
28481,test
28482,train
28483,train
28484,train
28485,train
28486,test
28487,train
28488,test
28489,valid
28490,test
28491,train
28492,train
28493,train
28494,train
28495,test
28496,train
28497,train
28498,train
28499,train
28500,train
28501,valid
28502,test
28503,train
28504,train
28505,train
28506,train
28507,train
28508,test
28509,train
28510,valid
28511,test
28512,test
28513,train
28514,test
28515,test
28516,train
28517,train
28518,train
28519,test
28520,valid
28521,train
28522,test
28523,train
28524,test
28525,test
28526,train
28527,test
28528,train
28529,train
28530,train
28531,valid
28532,train
28533,test
28534,train
28535,train
28536,train
28537,train
28538,test
28539,valid
28540,train
28541,train
28542,test
28543,train
28544,train
28545,train
28546,valid
28547,train
28548,train
28549,train
28550,train
28551,train
28552,valid
28553,test
28554,valid
28555,train
28556,test
28557,train
28558,train
28559,train
28560,train
28561,valid
28562,train
28563,train
28564,train
28565,test
28566,train
28567,train
28568,train
28569,train
28570,train
28571,train
28572,train
28573,test
28574,train
28575,train
28576,train
28577,valid
28578,valid
28579,train
28580,train
28581,train
28582,test
28583,train
28584,train
28585,test
28586,train
28587,train
28588,train
28589,train
28590,train
28591,train
28592,train
28593,train
28594,train
28595,train
28596,train
28597,train
28598,test
28599,train
28600,test
28601,train
28602,train
28603,train
28604,train
28605,valid
28606,train
28607,train
28608,train
28609,train
28610,train
28611,test
28612,train
28613,train
28614,train
28615,train
28616,train
28617,train
28618,train
28619,train
28620,train
28621,train
28622,train
28623,train
28624,test
28625,train
28626,train
28627,train
28628,train
28629,train
28630,train
28631,train
28632,train
28633,train
28634,train
28635,valid
28636,test
28637,train
28638,valid
28639,train
28640,train
28641,train
28642,train
28643,test
28644,train
28645,valid
28646,valid
28647,train
28648,test
28649,valid
28650,test
28651,test
28652,train
28653,train
28654,test
28655,train
28656,train
28657,train
28658,train
28659,train
28660,train
28661,test
28662,train
28663,train
28664,test
28665,valid
28666,test
28667,train
28668,test
28669,test
28670,valid
28671,train
28672,train
28673,train
28674,train
28675,valid
28676,train
28677,test
28678,test
28679,train
28680,test
28681,train
28682,test
28683,train
28684,test
28685,train
28686,train
28687,train
28688,train
28689,train
28690,test
28691,train
28692,train
28693,train
28694,valid
28695,test
28696,train
28697,train
28698,test
28699,test
28700,train
28701,train
28702,valid
28703,train
28704,test
28705,train
28706,valid
28707,train
28708,train
28709,train
28710,test
28711,valid
28712,train
28713,train
28714,train
28715,train
28716,train
28717,test
28718,train
28719,train
28720,train
28721,test
28722,train
28723,test
28724,train
28725,train
28726,valid
28727,test
28728,train
28729,test
28730,test
28731,train
28732,valid
28733,train
28734,test
28735,train
28736,train
28737,train
28738,train
28739,valid
28740,train
28741,train
28742,train
28743,train
28744,train
28745,train
28746,valid
28747,valid
28748,train
28749,train
28750,valid
28751,valid
28752,test
28753,train
28754,train
28755,test
28756,train
28757,train
28758,train
28759,train
28760,test
28761,valid
28762,valid
28763,train
28764,valid
28765,train
28766,train
28767,train
28768,test
28769,train
28770,valid
28771,train
28772,train
28773,train
28774,test
28775,train
28776,train
28777,train
28778,train
28779,test
28780,test
28781,train
28782,train
28783,train
28784,train
28785,train
28786,train
28787,train
28788,train
28789,train
28790,train
28791,train
28792,train
28793,train
28794,train
28795,train
28796,test
28797,train
28798,test
28799,valid
28800,train
28801,train
28802,test
28803,train
28804,train
28805,train
28806,train
28807,train
28808,train
28809,train
28810,test
28811,train
28812,train
28813,train
28814,train
28815,train
28816,test
28817,train
28818,train
28819,train
28820,train
28821,test
28822,train
28823,train
28824,train
28825,train
28826,train
28827,train
28828,train
28829,train
28830,valid
28831,test
28832,train
28833,train
28834,train
28835,train
28836,train
28837,train
28838,test
28839,test
28840,train
28841,train
28842,valid
28843,train
28844,train
28845,test
28846,train
28847,train
28848,train
28849,train
28850,train
28851,train
28852,train
28853,valid
28854,valid
28855,train
28856,test
28857,valid
28858,train
28859,train
28860,train
28861,train
28862,train
28863,train
28864,test
28865,train
28866,train
28867,train
28868,train
28869,train
28870,train
28871,train
28872,valid
28873,train
28874,test
28875,train
28876,test
28877,test
28878,test
28879,train
28880,train
28881,test
28882,train
28883,valid
28884,train
28885,train
28886,train
28887,test
28888,test
28889,test
28890,valid
28891,train
28892,train
28893,train
28894,train
28895,train
28896,test
28897,test
28898,train
28899,test
28900,test
28901,test
28902,train
28903,valid
28904,test
28905,train
28906,train
28907,train
28908,test
28909,train
28910,train
28911,test
28912,train
28913,valid
28914,train
28915,train
28916,train
28917,train
28918,test
28919,valid
28920,train
28921,valid
28922,test
28923,train
28924,train
28925,train
28926,train
28927,test
28928,train
28929,train
28930,train
28931,train
28932,train
28933,test
28934,train
28935,train
28936,test
28937,train
28938,train
28939,train
28940,valid
28941,train
28942,train
28943,train
28944,train
28945,test
28946,train
28947,train
28948,test
28949,test
28950,train
28951,train
28952,train
28953,train
28954,train
28955,test
28956,train
28957,train
28958,train
28959,train
28960,train
28961,train
28962,train
28963,train
28964,test
28965,train
28966,train
28967,train
28968,test
28969,valid
28970,train
28971,train
28972,train
28973,train
28974,train
28975,train
28976,test
28977,train
28978,train
28979,valid
28980,train
28981,train
28982,train
28983,train
28984,train
28985,train
28986,valid
28987,train
28988,test
28989,train
28990,train
28991,train
28992,train
28993,train
28994,train
28995,test
28996,train
28997,train
28998,test
28999,valid
29000,train
29001,valid
29002,valid
29003,train
29004,train
29005,train
29006,valid
29007,train
29008,train
29009,train
29010,train
29011,train
29012,test
29013,test
29014,train
29015,valid
29016,train
29017,test
29018,test
29019,test
29020,train
29021,train
29022,train
29023,train
29024,train
29025,train
29026,train
29027,test
29028,train
29029,train
29030,train
29031,train
29032,train
29033,test
29034,valid
29035,train
29036,train
29037,train
29038,train
29039,train
29040,train
29041,train
29042,train
29043,valid
29044,test
29045,train
29046,train
29047,test
29048,test
29049,train
29050,valid
29051,train
29052,train
29053,train
29054,test
29055,train
29056,test
29057,train
29058,train
29059,valid
29060,test
29061,valid
29062,train
29063,test
29064,train
29065,test
29066,train
29067,train
29068,test
29069,valid
29070,valid
29071,valid
29072,train
29073,train
29074,train
29075,train
29076,valid
29077,train
29078,train
29079,train
29080,train
29081,test
29082,train
29083,test
29084,valid
29085,valid
29086,train
29087,test
29088,train
29089,train
29090,train
29091,train
29092,train
29093,train
29094,valid
29095,train
29096,train
29097,valid
29098,train
29099,train
29100,test
29101,train
29102,train
29103,test
29104,train
29105,train
29106,train
29107,train
29108,test
29109,train
29110,valid
29111,train
29112,valid
29113,train
29114,valid
29115,train
29116,train
29117,test
29118,train
29119,train
29120,train
29121,test
29122,valid
29123,train
29124,train
29125,train
29126,train
29127,test
29128,train
29129,test
29130,train
29131,train
29132,train
29133,valid
29134,train
29135,test
29136,train
29137,train
29138,train
29139,test
29140,train
29141,train
29142,train
29143,train
29144,train
29145,train
29146,train
29147,train
29148,test
29149,train
29150,train
29151,train
29152,train
29153,train
29154,train
29155,train
29156,train
29157,valid
29158,train
29159,valid
29160,train
29161,train
29162,train
29163,train
29164,train
29165,valid
29166,train
29167,test
29168,train
29169,train
29170,train
29171,train
29172,train
29173,train
29174,train
29175,valid
29176,test
29177,train
29178,train
29179,train
29180,valid
29181,train
29182,test
29183,train
29184,train
29185,train
29186,test
29187,train
29188,train
29189,train
29190,train
29191,train
29192,train
29193,test
29194,test
29195,train
29196,train
29197,train
29198,train
29199,test
29200,train
29201,train
29202,train
29203,valid
29204,train
29205,train
29206,train
29207,test
29208,train
29209,test
29210,test
29211,train
29212,train
29213,train
29214,train
29215,train
29216,train
29217,train
29218,train
29219,train
29220,train
29221,train
29222,train
29223,train
29224,train
29225,train
29226,train
29227,train
29228,train
29229,train
29230,train
29231,train
29232,train
29233,train
29234,train
29235,train
29236,train
29237,train
29238,test
29239,train
29240,train
29241,train
29242,test
29243,train
29244,train
29245,train
29246,train
29247,train
29248,train
29249,train
29250,train
29251,train
29252,train
29253,train
29254,train
29255,train
29256,test
29257,train
29258,test
29259,train
29260,train
29261,test
29262,train
29263,test
29264,train
29265,train
29266,train
29267,train
29268,train
29269,test
29270,train
29271,train
29272,train
29273,train
29274,test
29275,train
29276,valid
29277,train
29278,train
29279,train
29280,train
29281,train
29282,train
29283,train
29284,train
29285,train
29286,train
29287,train
29288,train
29289,valid
29290,train
29291,test
29292,train
29293,train
29294,train
29295,train
29296,train
29297,valid
29298,train
29299,test
29300,train
29301,train
29302,test
29303,train
29304,train
29305,train
29306,train
29307,train
29308,train
29309,train
29310,train
29311,train
29312,train
29313,train
29314,train
29315,train
29316,train
29317,train
29318,train
29319,test
29320,train
29321,train
29322,train
29323,train
29324,train
29325,train
29326,train
29327,train
29328,train
29329,train
29330,train
29331,train
29332,test
29333,train
29334,train
29335,train
29336,valid
29337,test
29338,train
29339,train
29340,train
29341,train
29342,train
29343,train
29344,train
29345,train
29346,train
29347,test
29348,test
29349,train
29350,train
29351,test
29352,test
29353,test
29354,train
29355,train
29356,train
29357,train
29358,train
29359,train
29360,test
29361,train
29362,train
29363,train
29364,train
29365,train
29366,train
29367,train
29368,train
29369,train
29370,train
29371,test
29372,train
29373,test
29374,valid
29375,train
29376,train
29377,train
29378,train
29379,train
29380,test
29381,test
29382,train
29383,train
29384,valid
29385,train
29386,train
29387,train
29388,test
29389,train
29390,test
29391,train
29392,train
29393,train
29394,train
29395,train
29396,train
29397,train
29398,train
29399,train
29400,train
29401,train
29402,train
29403,train
29404,test
29405,train
29406,valid
29407,train
29408,train
29409,train
29410,train
29411,train
29412,train
29413,train
29414,train
29415,test
29416,train
29417,train
29418,test
29419,train
29420,train
29421,train
29422,train
29423,valid
29424,train
29425,train
29426,train
29427,train
29428,test
29429,train
29430,train
29431,train
29432,test
29433,train
29434,train
29435,train
29436,train
29437,test
29438,train
29439,train
29440,train
29441,train
29442,train
29443,train
29444,valid
29445,train
29446,train
29447,test
29448,train
29449,train
29450,test
29451,train
29452,valid
29453,train
29454,train
29455,train
29456,test
29457,train
29458,train
29459,test
29460,train
29461,test
29462,valid
29463,test
29464,train
29465,train
29466,train
29467,valid
29468,train
29469,train
29470,test
29471,train
29472,valid
29473,train
29474,train
29475,valid
29476,train
29477,test
29478,train
29479,train
29480,train
29481,test
29482,test
29483,valid
29484,train
29485,test
29486,train
29487,train
29488,train
29489,train
29490,train
29491,train
29492,train
29493,valid
29494,train
29495,train
29496,test
29497,train
29498,valid
29499,train
29500,train
29501,train
29502,train
29503,valid
29504,test
29505,test
29506,train
29507,train
29508,train
29509,train
29510,train
29511,train
29512,train
29513,train
29514,train
29515,train
29516,train
29517,train
29518,train
29519,train
29520,train
29521,train
29522,train
29523,train
29524,valid
29525,train
29526,train
29527,train
29528,test
29529,train
29530,train
29531,test
29532,train
29533,train
29534,train
29535,train
29536,train
29537,train
29538,train
29539,valid
29540,train
29541,train
29542,train
29543,test
29544,train
29545,valid
29546,train
29547,train
29548,test
29549,train
29550,test
29551,train
29552,train
29553,test
29554,test
29555,valid
29556,train
29557,test
29558,test
29559,test
29560,test
29561,train
29562,test
29563,train
29564,train
29565,train
29566,valid
29567,test
29568,train
29569,valid
29570,test
29571,train
29572,train
29573,train
29574,train
29575,train
29576,valid
29577,train
29578,train
29579,test
29580,train
29581,train
29582,valid
29583,train
29584,train
29585,train
29586,train
29587,valid
29588,test
29589,train
29590,train
29591,train
29592,train
29593,train
29594,train
29595,test
29596,test
29597,train
29598,train
29599,train
29600,train
29601,train
29602,train
29603,train
29604,train
29605,train
29606,train
29607,test
29608,train
29609,valid
29610,train
29611,train
29612,train
29613,train
29614,train
29615,train
29616,train
29617,valid
29618,train
29619,train
29620,train
29621,train
29622,test
29623,train
29624,train
29625,test
29626,train
29627,test
29628,train
29629,train
29630,test
29631,valid
29632,train
29633,train
29634,train
29635,train
29636,train
29637,train
29638,train
29639,train
29640,train
29641,train
29642,train
29643,train
29644,valid
29645,train
29646,valid
29647,train
29648,train
29649,valid
29650,train
29651,train
29652,train
29653,train
29654,train
29655,train
29656,test
29657,train
29658,train
29659,train
29660,test
29661,test
29662,train
29663,train
29664,train
29665,train
29666,train
29667,train
29668,train
29669,train
29670,train
29671,train
29672,train
29673,train
29674,train
29675,test
29676,train
29677,train
29678,train
29679,train
29680,train
29681,train
29682,train
29683,train
29684,train
29685,train
29686,train
29687,test
29688,train
29689,train
29690,train
29691,train
29692,test
29693,train
29694,train
29695,test
29696,train
29697,valid
29698,test
29699,test
29700,train
29701,test
29702,test
29703,train
29704,train
29705,test
29706,test
29707,test
29708,train
29709,train
29710,train
29711,test
29712,valid
29713,valid
29714,train
29715,test
29716,train
29717,test
29718,train
29719,test
29720,test
29721,test
29722,train
29723,train
29724,train
29725,valid
29726,test
29727,train
29728,valid
29729,train
29730,valid
29731,train
29732,test
29733,train
29734,train
29735,train
29736,train
29737,train
29738,train
29739,train
29740,train
29741,test
29742,valid
29743,train
29744,train
29745,test
29746,train
29747,train
29748,test
29749,train
29750,train
29751,train
29752,test
29753,train
29754,train
29755,train
29756,test
29757,test
29758,train
29759,train
29760,train
29761,valid
29762,train
29763,test
29764,test
29765,train
29766,train
29767,test
29768,train
29769,train
29770,train
29771,train
29772,train
29773,train
29774,test
29775,valid
29776,test
29777,train
29778,train
29779,train
29780,train
29781,test
29782,train
29783,train
29784,train
29785,train
29786,valid
29787,train
29788,train
29789,train
29790,train
29791,train
29792,train
29793,train
29794,train
29795,train
29796,valid
29797,train
29798,valid
29799,test
29800,train
29801,train
29802,test
29803,train
29804,train
29805,train
29806,train
29807,train
29808,train
29809,test
29810,train
29811,test
29812,valid
29813,valid
29814,train
29815,valid
29816,train
29817,train
29818,train
29819,test
29820,train
29821,train
29822,train
29823,train
29824,test
29825,train
29826,train
29827,train
29828,train
29829,train
29830,train
29831,train
29832,train
29833,test
29834,valid
29835,train
29836,train
29837,train
29838,train
29839,train
29840,train
29841,train
29842,train
29843,test
29844,train
29845,train
29846,train
29847,train
29848,train
29849,test
29850,train
29851,train
29852,train
29853,train
29854,train
29855,train
29856,train
29857,train
29858,train
29859,train
29860,train
29861,train
29862,train
29863,train
29864,train
29865,test
29866,valid
29867,train
29868,train
29869,train
29870,train
29871,valid
29872,test
29873,train
29874,train
29875,train
29876,train
29877,train
29878,test
29879,train
29880,train
29881,train
29882,train
29883,train
29884,train
29885,test
29886,train
29887,train
29888,train
29889,train
29890,train
29891,train
29892,train
29893,train
29894,train
29895,train
29896,train
29897,train
29898,test
29899,train
29900,train
29901,train
29902,train
29903,train
29904,valid
29905,train
29906,test
29907,test
29908,train
29909,valid
29910,train
29911,train
29912,train
29913,train
29914,train
29915,train
29916,test
29917,train
29918,train
29919,train
29920,train
29921,train
29922,train
29923,test
29924,train
29925,train
29926,train
29927,train
29928,train
29929,train
29930,test
29931,train
29932,train
29933,train
29934,train
29935,train
29936,valid
29937,train
29938,test
29939,train
29940,train
29941,valid
29942,train
29943,train
29944,valid
29945,test
29946,train
29947,train
29948,train
29949,train
29950,train
29951,train
29952,train
29953,train
29954,train
29955,train
29956,train
29957,train
29958,train
29959,valid
29960,train
29961,valid
29962,test
29963,train
29964,train
29965,train
29966,train
29967,train
29968,train
29969,train
29970,train
29971,test
29972,train
29973,train
29974,train
29975,train
29976,train
29977,train
29978,train
29979,train
29980,test
29981,train
29982,train
29983,valid
29984,train
29985,train
29986,train
29987,train
29988,train
29989,train
29990,train
29991,train
29992,train
29993,train
29994,train
29995,train
29996,test
29997,test
29998,test
29999,train
30000,train
30001,train
30002,train
30003,train
30004,valid
30005,train
30006,test
30007,train
30008,test
30009,train
30010,train
30011,train
30012,test
30013,train
30014,test
30015,valid
30016,test
30017,train
30018,train
30019,train
30020,valid
30021,train
30022,train
30023,test
30024,train
30025,test
30026,train
30027,train
30028,train
30029,train
30030,train
30031,train
30032,test
30033,train
30034,test
30035,train
30036,train
30037,valid
30038,valid
30039,train
30040,valid
30041,test
30042,train
30043,test
30044,train
30045,train
30046,train
30047,train
30048,train
30049,train
30050,train
30051,valid
30052,test
30053,train
30054,train
30055,train
30056,test
30057,train
30058,train
30059,test
30060,test
30061,train
30062,train
30063,train
30064,train
30065,train
30066,train
30067,train
30068,train
30069,train
30070,train
30071,test
30072,train
30073,valid
30074,test
30075,train
30076,train
30077,train
30078,train
30079,train
30080,train
30081,train
30082,test
30083,train
30084,valid
30085,train
30086,test
30087,train
30088,train
30089,train
30090,valid
30091,train
30092,test
30093,test
30094,valid
30095,train
30096,train
30097,train
30098,train
30099,valid
30100,train
30101,train
30102,test
30103,train
30104,valid
30105,train
30106,train
30107,train
30108,train
30109,train
30110,valid
30111,train
30112,train
30113,train
30114,test
30115,test
30116,train
30117,train
30118,train
30119,train
30120,train
30121,train
30122,train
30123,valid
30124,train
30125,train
30126,train
30127,train
30128,valid
30129,test
30130,train
30131,train
30132,train
30133,valid
30134,train
30135,valid
30136,train
30137,train
30138,test
30139,valid
30140,train
30141,test
30142,test
30143,train
30144,test
30145,test
30146,train
30147,test
30148,test
30149,valid
30150,valid
30151,test
30152,train
30153,test
30154,train
30155,test
30156,train
30157,train
30158,train
30159,train
30160,train
30161,train
30162,valid
30163,train
30164,train
30165,train
30166,valid
30167,train
30168,test
30169,valid
30170,train
30171,test
30172,train
30173,test
30174,train
30175,train
30176,test
30177,train
30178,train
30179,train
30180,train
30181,valid
30182,train
30183,test
30184,train
30185,train
30186,test
30187,valid
30188,train
30189,train
30190,train
30191,train
30192,train
30193,train
30194,train
30195,train
30196,train
30197,train
30198,valid
30199,test
30200,train
30201,test
30202,train
30203,train
30204,train
30205,train
30206,train
30207,train
30208,train
30209,test
30210,valid
30211,train
30212,train
30213,train
30214,train
30215,train
30216,test
30217,test
30218,train
30219,valid
30220,valid
30221,train
30222,test
30223,train
30224,valid
30225,test
30226,test
30227,train
30228,train
30229,train
30230,train
30231,train
30232,train
30233,train
30234,train
30235,train
30236,train
30237,train
30238,test
30239,train
30240,train
30241,train
30242,train
30243,valid
30244,valid
30245,train
30246,train
30247,train
30248,train
30249,train
30250,train
30251,valid
30252,test
30253,train
30254,valid
30255,train
30256,train
30257,train
30258,train
30259,test
30260,test
30261,test
30262,valid
30263,train
30264,train
30265,valid
30266,test
30267,train
30268,valid
30269,train
30270,test
30271,train
30272,train
30273,train
30274,train
30275,train
30276,train
30277,test
30278,test
30279,train
30280,train
30281,train
30282,train
30283,valid
30284,train
30285,test
30286,train
30287,train
30288,test
30289,test
30290,train
30291,train
30292,train
30293,test
30294,test
30295,train
30296,valid
30297,train
30298,train
30299,train
30300,train
30301,test
30302,test
30303,train
30304,valid
30305,train
30306,train
30307,train
30308,train
30309,test
30310,train
30311,train
30312,train
30313,train
30314,test
30315,test
30316,train
30317,test
30318,train
30319,train
30320,train
30321,test
30322,train
30323,train
30324,train
30325,train
30326,test
30327,valid
30328,train
30329,train
30330,train
30331,test
30332,train
30333,train
30334,train
30335,train
30336,train
30337,train
30338,train
30339,valid
30340,train
30341,train
30342,test
30343,test
30344,train
30345,train
30346,valid
30347,train
30348,train
30349,train
30350,train
30351,train
30352,test
30353,train
30354,train
30355,train
30356,train
30357,train
30358,train
30359,valid
30360,train
30361,train
30362,train
30363,train
30364,train
30365,test
30366,train
30367,train
30368,train
30369,train
30370,train
30371,train
30372,valid
30373,train
30374,train
30375,test
30376,train
30377,valid
30378,train
30379,train
30380,test
30381,train
30382,train
30383,train
30384,train
30385,train
30386,train
30387,train
30388,train
30389,train
30390,train
30391,train
30392,train
30393,test
30394,train
30395,train
30396,train
30397,train
30398,train
30399,train
30400,train
30401,train
30402,train
30403,test
30404,train
30405,test
30406,train
30407,test
30408,train
30409,valid
30410,test
30411,train
30412,train
30413,train
30414,train
30415,valid
30416,train
30417,test
30418,train
30419,train
30420,train
30421,train
30422,train
30423,train
30424,train
30425,train
30426,test
30427,train
30428,train
30429,test
30430,train
30431,train
30432,train
30433,train
30434,train
30435,train
30436,valid
30437,train
30438,train
30439,train
30440,train
30441,test
30442,test
30443,train
30444,train
30445,train
30446,train
30447,train
30448,test
30449,test
30450,train
30451,valid
30452,valid
30453,test
30454,train
30455,test
30456,train
30457,test
30458,train
30459,train
30460,test
30461,train
30462,train
30463,train
30464,train
30465,train
30466,test
30467,train
30468,train
30469,train
30470,train
30471,train
30472,train
30473,train
30474,train
30475,train
30476,train
30477,train
30478,train
30479,test
30480,train
30481,valid
30482,train
30483,test
30484,valid
30485,train
30486,train
30487,test
30488,train
30489,train
30490,test
30491,train
30492,test
30493,train
30494,valid
30495,train
30496,test
30497,valid
30498,test
30499,train
30500,train
30501,train
30502,train
30503,train
30504,train
30505,train
30506,train
30507,test
30508,train
30509,train
30510,test
30511,train
30512,train
30513,valid
30514,train
30515,train
30516,train
30517,test
30518,test
30519,test
30520,train
30521,valid
30522,train
30523,train
30524,train
30525,train
30526,train
30527,train
30528,test
30529,test
30530,train
30531,test
30532,train
30533,test
30534,test
30535,train
30536,valid
30537,train
30538,test
30539,valid
30540,train
30541,train
30542,train
30543,test
30544,test
30545,train
30546,train
30547,train
30548,train
30549,test
30550,train
30551,train
30552,valid
30553,train
30554,valid
30555,train
30556,train
30557,train
30558,train
30559,train
30560,train
30561,valid
30562,train
30563,train
30564,train
30565,train
30566,train
30567,test
30568,train
30569,train
30570,train
30571,train
30572,train
30573,train
30574,train
30575,test
30576,train
30577,train
30578,test
30579,train
30580,train
30581,train
30582,train
30583,test
30584,train
30585,train
30586,train
30587,test
30588,train
30589,test
30590,train
30591,test
30592,train
30593,train
30594,test
30595,train
30596,valid
30597,train
30598,train
30599,train
30600,train
30601,train
30602,test
30603,train
30604,train
30605,train
30606,train
30607,train
30608,train
30609,train
30610,train
30611,test
30612,train
30613,test
30614,valid
30615,train
30616,train
30617,train
30618,train
30619,train
30620,valid
30621,train
30622,train
30623,train
30624,train
30625,train
30626,train
30627,test
30628,train
30629,train
30630,test
30631,train
30632,train
30633,valid
30634,test
30635,train
30636,test
30637,train
30638,train
30639,train
30640,train
30641,train
30642,train
30643,train
30644,test
30645,train
30646,train
30647,train
30648,train
30649,train
30650,train
30651,train
30652,train
30653,test
30654,test
30655,train
30656,valid
30657,test
30658,train
30659,train
30660,train
30661,test
30662,train
30663,train
30664,train
30665,train
30666,valid
30667,test
30668,train
30669,test
30670,valid
30671,train
30672,test
30673,test
30674,valid
30675,train
30676,train
30677,test
30678,test
30679,train
30680,train
30681,valid
30682,train
30683,test
30684,train
30685,test
30686,train
30687,valid
30688,train
30689,train
30690,valid
30691,train
30692,train
30693,test
30694,train
30695,test
30696,valid
30697,train
30698,train
30699,train
30700,valid
30701,train
30702,test
30703,test
30704,test
30705,valid
30706,train
30707,train
30708,train
30709,test
30710,test
30711,train
30712,train
30713,test
30714,train
30715,valid
30716,train
30717,train
30718,train
30719,test
30720,train
30721,train
30722,train
30723,train
30724,train
30725,train
30726,valid
30727,test
30728,train
30729,train
30730,train
30731,train
30732,train
30733,train
30734,train
30735,train
30736,train
30737,valid
30738,test
30739,test
30740,train
30741,train
30742,train
30743,train
30744,train
30745,train
30746,train
30747,train
30748,train
30749,train
30750,test
30751,train
30752,train
30753,test
30754,train
30755,train
30756,train
30757,train
30758,train
30759,train
30760,train
30761,train
30762,train
30763,train
30764,train
30765,train
30766,test
30767,train
30768,train
30769,train
30770,train
30771,train
30772,train
30773,train
30774,train
30775,train
30776,train
30777,train
30778,train
30779,train
30780,train
30781,train
30782,train
30783,train
30784,valid
30785,train
30786,test
30787,train
30788,train
30789,test
30790,test
30791,train
30792,test
30793,train
30794,train
30795,valid
30796,train
30797,train
30798,train
30799,train
30800,train
30801,train
30802,train
30803,test
30804,train
30805,valid
